Name,Geo,World University Rankings 2026,Arts and Humanities 2025,Business and Economics 2025,Medical and Health 2025,Computer Science 2025,Education Studies 2025,Engineering 2025,Law 2025,Life Sciences 2025,Physical Sciences 2025,Social Sciences 2025
University of Hormozgan,"Bandar Abbas, Iran",1501,8011000,1001,,,,,,,,
University of Huelva,"Huelva, Spain",1501,,,,,,,,,,
University of Hyogo,"Kobe, Japan",1501,801,1251,1001,1001,,,,,,
University of Jijel,"Jijel, Algeria",1501,1251,1001,,,,,,,,
University of Karachi,"Karachi, Pakistan",1501,8011000,8011000,1001,,,,,,,
University of Kelaniya,"Kelaniya, Sri Lanka",1501,1001,,,,,,,,,
University of Kerbala,"Kerbala, Iraq",1501,1251,1001,,,,,,,,
University of Kirkuk,"Kirkuk, Iraq",1501,,,,,,,,,,
University of Kufa,"Kufa, Iraq",1501,1001,8011000,1001,1001,1001,,,,,
University of Laghouat,"Laghouat, Algeria",1501,1251,1001,,,,,,,,
University of Lampung,"Bandar Lampung, Indonesia",1501,1001,,,,,,,,,
University of La Rochelle,"La Rochelle, France",1501,8011000,10011250,8011000,,,,,,,
University of La Sabana,"Chía, Colombia",1501,1001,601,1001,,,,,,,
University of Las Américas (UDLA),"Quito, Ecuador",1501,1001,,,,,,,,,
University of Lethbridge,"Lethbridge, Canada",1501,8011000,8011000,1001,401500,8011000,,,,,
University of Life Sciences in Lublin,"Lublin, Poland",1501,8011000,,,,,,,,,
University of Lodz,"Lodz, Poland",1501,601,801,1001,601,301,8011000,1001,601,8011000,
University of Los Lagos,"Osorno, Chile",1501,601,8011000,1001,,,,,,,
University of Lucknow,"Lucknow, India",1501,8011000,8011000,1001,,,,,,,
University of Macedonia,"Thessaloniki, Greece",1501,801,8011000,401500,8011000,,,,,,
University of Mascara,"Mascara, Algeria",1501,8011000,1001,,,,,,,,
University of Mataram,"Kota Mataram, Indonesia",1501,1001,,,,,,,,,
University of Medellín,"Medellin, Colombia",1501,301,1001,,,,,,,,
University of Miskolc,"Miskolc, Hungary",1501,10011250,1001,,,,,,,,
University of Miyazaki,"Miyazaki, Japan",1501,8011000,1251,8011000,,,,,,,
University of Monastir,"Monastir, Tunisia",1501,801,8011000,8011000,8011000,601800,1001,,,,
University of Montenegro,"Podgorica, Montenegro",1501,601800,1001,1251,1001,1001,8011000,,,,
University of Moratuwa,"Colombo, Sri Lanka",1501,601800,8011000,10011250,,,,,,,
University of Mosul,"Mosul, Iraq",1501,1001,1001,1251,1001,1001,,,,,
University of Nairobi,"Nairobi, Kenya",1501,601800,8011000,1001,8011000,,,,,,
University of Namibia,"Windhoek, Namibia",1501,1001,1001,,,,,,,,
University of Novi Sad,"Novi Sad, Serbia",1501,601,801,8011000,8011000,601,1251,8011000,1001,501600,8011000
University of Oradea,"Bihor, Romania",1501,8011000,1251,8011000,,,,,,,
University of Ostrava,"Ostrava, Czechia",1501,8011000,1001,1001,1001,,,,,,
University of Oum El Bouaghi,"Oum El Bouaghi, Algeria",1501,1251,1001,,,,,,,,
University of Pannonia,"Veszprem, Hungary",1501,10011250,,,,,,,,,
University of Pardubice,"Pardubice 2, Czechia",1501,801,1251,1001,601,,,,,,
University of Passo Fundo (UPF),"Passo Fundo, Brazil",1501,1001,,,,,,,,,
University of Pau and Pays de l’Adour,"Pau, France",1501,10011250,8011000,1001,1001,,,,,,
University of Pernambuco,"Recife, Brazil",1501,1001,1001,,,,,,,,
University of Phayao,"Amphur, Thailand",1501,1001,8011000,1001,,,,,,,
University of Port Harcourt,"Choba, Nigeria",1501,1001,1251,1001,,,,,,,
University of Primorska,"Koper, Slovenia",1501,801,8011000,601,1001,8011000,,,,,
University of Prishtina,"Prishtina, Kosovo",1501,801,1001,601,1001,1001,,,,,
University of Qom,"Qom, Iran",1501,8011000,1001,,,,,,,,
University of Rijeka,"Rijeka, Croatia",1501,601,801,1001,8011000,601,1251,1001,501600,,
University of Rwanda,"Kigal, Rwanda",1501,1001,601,8011000,,,,,,,
University of Rzeszów,"Rzeszów, Poland",1501,,,,,,,,,,
University of San Martín de Porres,"Santa Anita, Peru",1501,,,,,,,,,,
"University of Santiago, Chile (USACH)",Chile,1501,501600,801,8011000,1001,601,1251,8011000,1001,601,8011000
University of Santo Tomas,"Manila, Philippines",1501,601800,501600,,,,,,,,
University of Sarajevo,"Sarajevo, Bosnia & Herzegovina",1501,801,1001,1001,601,1251,1001,1001,1001,,
University of Science and Technology of Oran Mohamed-Boudiaf,"Bir El Djir, Algeria",1501,1251,1001,,,,,,,,
University of Sciences and Technology Houari Boumediene,"Bab Ezzouar, Algeria",1501,1001,1251,1001,1001,,,,,,
University of Shizuoka,"Shizuoka, Japan",1501,8011000,1001,,,,,,,,
University of Silesia in Katowice,"40-007 Katowice, Poland",1501,601,1001,601,10011250,301,8011000,1001,601,8011000,
University of Sistan and Baluchestan,"Zahedan, Iran",1501,10011250,1001,,,,,,,,
University of Sonora,"Hermosillo, Mexico",1501,1251,1001,1001,,,,,,,
University of Sousse,"Sousse, Tunisia",1501,801,1001,8011000,10011250,601800,1001,8011000,,,
University of Sri Jayewardenepura,"Nugegoda, Sri Lanka",1501,1001,8011000,8011000,,,,,,,
University of Sunderland,"Sunderland, United Kingdom",1501,8011000,8011000,,,,,,,,
University of Szczecin,"Pawla II 22a, Poland",1501,601,801,1001,8011000,,,,,,
University of Taipei,"Taipei, Taiwan",1501,,,,,,,,,,
University of Talca,Chile,1501,1001,8011000,601,10011250,301,601800,8011000,,,
University of Technology of Troyes,"Troyes, France",1501,10011250,,,,,,,,,
University of Texas Rio Grande Valley,"Brownsville, United States",1501,601800,8011000,501600,1251,8011000,8011000,501600,8011000,,
"University of the Andes, Chile","Las Condes, Chile",1501,501600,8011000,301,8011000,,,,,,
"University of the Andes, Venezuela","Merida, Venezuela",1501,1001,,,,,,,,,
University of the Arts London,"London, United Kingdom",1501,,,,,,,,,,
"University of the North, Colombia","Barranquilla, Colombia",1501,401500,10011250,1001,601800,,,,,,
University of the Ryukyus,"Nakagami-gun, Japan",1501,8011000,10011250,8011000,1001,,,,,,
University of Thi-Qar,"Nasiriyah, Iraq",1501,1251,1001,,,,,,,,
University of Toyama,"Toyama-shi, Japan",1501,601800,10011250,1001,,,,,,,
University of Tunis,"Tunis, Tunisia",1501,801,8011000,10011250,1001,,,,,,
University of Valparaíso,"Valparaiso, Chile",1501,1001,1001,8011000,1001,,,,,,
University of Warmia and Mazury in Olsztyn,"Olsztyn, Poland",1501,601,801,601800,1001,1251,301,8011000,1001,1001,
University of West Attica,"Egaleo, Greece",1501,801,1001,8011000,10011250,1001,8011000,,,,
University of West Bohemia,"Pilsen, Czechia",1501,601800,10011250,1001,8011000,,,,,,
University of Western Macedonia,"Kozani, Greece",1501,801,601800,601,10011250,8011000,,,,,
University of Worcester,"Worcester, United Kingdom",1501,601,1001,,,,,,,,
University of Yamanashi,"Kofu, Japan",1501,8011000,1251,8011000,,,,,,,
University of Zambia,"Lusaka, Zambia",1501,8011000,1001,,,,,,,,
University of Zanjan,"Zanjan, Iran",1501,10011250,601800,1001,,,,,,,
University of Zimbabwe,"Mount Pleasant, Zimbabwe",1501,601800,1001,1001,8011000,,,,,,
Uşak University,"Usak, Türkiye",1501,1001,601,,,,,,,,
Üsküdar University,"Üsküdar, Türkiye",1501,,,,,,,,,,
Utsunomiya University,"Utsunomiya-City, Japan",1501,1251,1001,,,,,,,,
Uzhhorod National University,"Uzhhorod, Ukraine",1501,1001,1001,,,,,,,,
Vali-e-Asr University of Rafsanjan,"Rafsanjan, Iran",1501,1001,,,,,,,,,
Van Yüzüncü Yil University,"Van, Türkiye",1501,1001,10011250,1001,8011000,,,,,,
Vasyl Stefanyk Carpathian National University,"Ivano-Frankivsk, Ukraine",1501,,,,,,,,,,
"Vels Institute of Science, Technology and Advanced Studies (VISTAS)","Chennai, India",1501,601800,8011000,601800,,,,,,,
Vietnam National University (Ho Chi Minh City),"Ho Chi Minh City, Vietnam",1501,801,601800,1001,10011250,8011000,1001,8011000,,,
"Vignan’s Foundation for Science, Technology and Research","Guntur, India",1501,10011250,,,,,,,,,
Vilnius Gediminas Technical University (Vilnius Tech),"Vilnius, Lithuania",1501,401500,8011000,10011250,1001,601800,,,,,
Vinayaka Mission’s Research Foundation,"Salem, India",1501,1001,8011000,,,,,,,,
V.N. Karazin Kharkiv National University,"Kharkiv, Ukraine",1501,801,1001,1001,1001,1001,1001,,,,
Warsaw University of Life Sciences – SGGW,"Warsaw, Poland",1501,801,1001,1251,601800,,,,,,
Wasit University,"Al Kut, Iraq",1501,10011250,8011000,,,,,,,,
West University of Timişoara,"Timisoara, Romania",1501,601800,1001,401500,601800,,,,,,
Wrocław University of Environmental and Life Sciences,"Wroclaw, Poland",1501,1251,8011000,1001,8011000,,,,,,
Yamagata University,"Yamagata, Japan",1501,8011000,10011250,8011000,1001,,,,,,
Yamaguchi University,"Yamaguchi, Japan",1501,8011000,1001,10011250,601800,801,,,,,
Yasouj University,"Kohgiluyeh and Boyer-Ahmad, Iran",1501,8011000,8011000,,,,,,,,
Yeditepe University,"Istanbul, Türkiye",1501,8011000,,,,,,,,,
Yerevan State University,"Yerevan, Armenia",1501,1001,,,,,,,,,
Yuriy Fedkovych Chernivtsi National University,"Chernivtsi, Ukraine",1501,1251,1001,,,,,,,,
Ziane Achour University of Djelfa,"Djelfa, Algeria",1501,,,,,,,,,,
Zonguldak Bülent Ecevit University,"Zonguldak, Türkiye",1501,1001,601,10011250,1001,,,,,,
Abai Kazakh National Pedagogical University,"ALA, Kazakhstan",,,,,,,,,,,
Abasyn University,"Peshawar, Pakistan",,,,,,,,,,,
Abbes Laghrour University Khenchela,"Khenchela, Algeria",,,,,,,,,,,
Abdelhafid Boussouf University Center of Mila,"Mila, Algeria",,,,,,,,,,,
Abertay University,"Abertay, United Kingdom",,,,,,,,,,,
Aditya University,"Kakinada District, India",,,,,,,,,,,
Admiralty University of Nigeria,Nigeria,,,,,,,,,,,
AECC University College,"Bournemouth, United Kingdom",,,,,,,,,,,
Africa Renewal University,"Buloba, Uganda",,,,,,,,,,,
Africa University,"Mutare, Zimbabwe",,,,,,,,,,,
Ahlia University,"Manama, Bahrain",,,,,,,,,,,
Ahmed Draia University,"Adrar, Algeria",,,,,,,,,,,
Ajeenkya DY Patil University,"District Pune, India",,,,,,,,,,,
Akenten Appiah-Menka University of Skills Training and Entrepreneurial Development,"Kumasi, Ghana",,,,,,,,,,,
Akhmet Yassawi University,"Turkistan, Kazakhstan",,,,,,,,,,,
Akita Prefectural University,"Akita, Japan",,,,,,,,,,,
Akli Mohand Oulhadj Bouira University,"Bouira, Algeria",,,,,,,,,,,
Akwa Ibom State University,"Mkpat Enin, Nigeria",,,,,,,,,,,
Al-Amal College for Specialized Medical Sciences,"Karbala, Iraq",,,,,,,,,,,
Al-Ameed University,"Holy Karbala, Iraq",,,,,,,,,,,
Alanya University,"Alanya, Türkiye",,,,,,,,,,,
Alasmarya Islamic University,"Zliten City, Libya",,,,,,,,,,,
Al-Ayen University,"Nasiriyah, Iraq",,,,,,,,,,,
Al-Bayan University,"Baghdad, Iraq",,,,,,,,,,,
Aleksandër Moisiu University,"Durrës, Albania",,,,,,,,,,,
Al-Esraa University,"62 St, Iraq",,,,,,,,,,,
Al-Farahidi University,"Baghdad, Iraq",,,,,,,,,,,
Alfraganus University,"Yunusabad District, Uzbekistan",,,,,,,,,,,
Al-Hadba University,"Mosul, Iraq",,,,,,,,,,,
Al-Hadi University College,"Baghdad, Iraq",,,,,,,,,,,
Al-Hikmah University,"Ilorin, Nigeria",,,,,,,,,,,
Alikhan Bokeikhan University,"Semey, Kazakhstan",,,,,,,,,,,
Al-Iraqia University,"Baghdad, Iraq",,,,,,,,,,,
Alisher Navo’i Tashkent State University of Uzbek Language and Literature,"Tashkent, Uzbekistan",,,,,,,,,,,
Al-Janad University for Science and Technology,"Taiz, Yemen",,,,,,,,,,,
Al-Karkh University of Science,"Al-Karkh, Iraq",,,,,,,,,,,
Al-Kitab University,"Kirkuk, Iraq",,,,,,,,,,,
Almaaqal University,"Basra, Iraq",,,,,,,,,,,
AlMaarefa University,"Ad Diriyah, Saudi Arabia",,,,,,,,,,,
Al-Madinah International University (MEDIU),"Taman Desa Petaling, Malaysia",,,,,,,,,,,
Al-Mansour University College,"Baghdad, Iraq",,,,,,,,,,,
Almaty Humanitarian-Economic University,Kazakhstan,,,,,,,,,,,
Almaty Management University (AlmaU),"ALA, Kazakhstan",,,,,,,,,,,
Al-Mustaqbal University,"Hillah, Iraq",,,,,,,,,,,
Al-Nisour University,"Baghdad, Iraq",,,,,,,,,,,
Alnoor University,"Bartella sub-district, Iraq",,,,,,,,,,,
Al-Qalam University College,"Jimen, Iraq",,,,,,,,,,,
Al-Rafidain University College,"Baghdad Governorate, Iraq",,,,,,,,,,,
Al Ryada University for Science and Technology - RST,"El Sadat, Egypt",,,,,,,,,,,
Al-Shatrah University,"Al Gharaf, Iraq",,,,,,,,,,,
Altoosi University,"Najaf, Iraq",,,,,,,,,,,
Al Turath University,"Al Mansour, Iraq",,,,,,,,,,,
Al-Yarmok University College,"Baqubah, Iraq",,,,,,,,,,,
Al-Zahraa University for Women,"Karbala, Iraq",,,,,,,,,,,
Al-Zahrawi University College,"Karbala, Iraq",,,,,,,,,,,
American University in Dubai,"Dubai, United Arab Emirates",,,,,,,,,,,
American University in the Emirates (AUE),"Dubai, United Arab Emirates",,,,,,,,,,,
American University of Ras Al Khaimah,"Ras Al Khaimah, United Arab Emirates",,,,,,,,,,,
American University of Science,"Honolulu, United States",,,,,,,,,,,
"Amity University, Chhattisgarh","Chhattisgarh, India",,,,,,,,,,,
"Amity University, Gwalior","Gwalior, India",,,,,,,,,,,
"Amity University, Mumbai","Maharashtra, India",,,,,,,,,,,
Amman Arab University,"Amman, Jordan",,,,,,,,,,,
Amol University of Special Modern Technologies,"Amol, Iran",,,,,,,,,,,
Andijan Machine-Building Institute,"Andijan, Uzbekistan",,,,,,,,,,,
Andijan State Medical Institute,"Andijan, Uzbekistan",,,,,,,,,,,
Andijan State Pedagogical Institute (ASPI),"Andijan city, Uzbekistan",,,,,,,,,,,
Andijan State University,"Republic of Uzbekistan, Uzbekistan",,,,,,,,,,,
Andrés Bello Catholic University (UCAB),"Caracas, Venezuela",,,,,,,,,,,
Anglo-American University,"Prague 1, Czechia",,,,,,,,,,,
Ankara Hacı Bayram Veli University,"Ankara, Türkiye",,,,,,,,,,,
Ankara Science University,"Çankaya, Türkiye",,,,,,,,,,,
Arab International University (AIU),"Damascus, Syria",,,,,,,,,,,
Arab Open University,"Al Safat, Kuwait",,,,,,,,,,,
Arish University,"El Arish, Egypt",,,,,,,,,,,
Arkin University of Creative Arts and Design (ARUCAD),"Kyrenia District, Northern Cyprus",,,,,,,,,,,
Armenian National Agrarian University,"ER, Armenia",,,,,,,,,,,
Armenian State University of Economics,"Yerevan, Armenia",,,,,,,,,,,
Arts University Bournemouth,"Poole, United Kingdom",,,,,,,,,,,
Arts University Plymouth,"Plymouth, United Kingdom",,,,,,,,,,,
Arturo Prat University,"Iquique, Chile",,,,,,,,,,,
Artvin Coruh University,"Artvin, Türkiye",,,,,,,,,,,
Asahi University,"Mizuho City, Japan",,,,,,,,,,,
Asfendiyarov Kazakh National Medical University,"Almaty, Kazakhstan",,,,,,,,,,,
A'Sharqiyah University,"Ibra, Oman",,,,,,,,,,,
Ashoka University,"Sonepat, India",,,,,,,,,,,
Astana International University AIU,"Astana, Kazakhstan",,,,,,,,,,,
Astana Medical University,"Nur-Sultan, Kazakhstan",,,,,,,,,,,
Ateneo de Davao University,"Davao City, Philippines",,,,,,,,,,,
Atlas University,"Istanbul, Türkiye",,,,,,,,,,,
Atyrau University,"Atyrau, Kazakhstan",,,,,,,,,,,
Audencia,"Nantes, France",,,,,,,,,,,
Augustine University,"Epe, Nigeria",,,,,,,,,,,
“Aurel Vlaicu” University of Arad,"Arad, Romania",,,,,,,,,,,
Autonomous University of Asunción,"1255 CP, Paraguay",,,,,,,,,,,
Autonomous University of Chiapas,"Tuxtla Gutiérrez, Mexico",,,,,,,,,,,
Avance International University,"Kampala, Uganda",,,,,,,,,,,
Avicenna - Batumi Medical University,"Batumi, Georgia",,,,,,,,,,,
Avicenna Tajik State Medical University,Tajikistan,,,,,,,,,,,
Azerbaijan Medical University,"Baku, Azerbaijan",,,,,,,,,,,
Azerbaijan State Agricultural University,Azerbaijan,,,,,,,,,,,
Azerbaijan State Pedagogical University,"Sabail District, Azerbaijan",,,,,,,,,,,
Azerbaijan University of Architecture and Construction,"Baku, Azerbaijan",,,,,,,,,,,
Baba Guru Nanak University,"Nankana Sahib, Pakistan",,,,,,,,,,,
Badr University in Cairo (BUC),"C, Egypt",,,,,,,,,,,
Bakrie University,"Jakarta Selatan, Indonesia",,,,,,,,,,,
Baku Engineering University,"Khirdalan city, Azerbaijan",,,,,,,,,,,
Baku Higher Oil School,"Bibiheyat Town, Azerbaijan",,,,,,,,,,,
Baku Slavic University,Azerbaijan,,,,,,,,,,,
"Bamidele Olumilua University of Education, Science and Technology, Ikere-Ekiti","Ikere-Ekiti, Nigeria",,,,,,,,,,,
Bandirma Onyedi Eylül University,"Bandırma, Türkiye",,,,,,,,,,,
Bangladesh University of Professionals,"Dhaka, Bangladesh",,,,,,,,,,,
Baqir Al Olum University,"Qom, Iran",,,,,,,,,,,
Bath Spa University,"Bath, United Kingdom",,,,,,,,,,,
"Bauchi State University, Gadau","Abuja, Nigeria",,,,,,,,,,,
Bayburt University,"69, Türkiye",,,,,,,,,,,
Bayelsa Medical University,"Yenagoa, Nigeria",,,,,,,,,,,
Baze University,"Abuja, Nigeria",,,,,,,,,,,
Beaconhouse National University,"Lahore, Pakistan",,,,,,,,,,,
Begum Nusrat Bhutto (BNB) Women University Sukkur,"Sukkur, Pakistan",,,,,,,,,,,
Bells University of Technology,"Ota, Nigeria",,,,,,,,,,,
Bentley University,"Waltham, United States",,,,,,,,,,,
Beykoz University,"Beykoz, Türkiye",,,,,,,,,,,
Bicol University,"Legazpi City, Philippines",,,,,,,,,,,
Bilad Alrafidain University,"Baqubah, Iraq",,,,,,,,,,,
Bila Tserkva National Agrarian University,"Bila Tserkva, Ukraine",,,,,,,,,,,
BIMM Music Institute Birmingham,"Birmingham, United Kingdom",,,,,,,,,,,
Birmingham Newman University,"Birmingham, United Kingdom",,,,,,,,,,,
Bishop Grosseteste University,"Lincoln, United Kingdom",,,,,,,,,,,
Bloomsbury Institute London,"London, United Kingdom",,,,,,,,,,,
Bohdan Khmelnytsky National University of Cherkasy,"Cherkasy, Ukraine",,,,,,,,,,,
Borys Grinchenko Kyiv Metropolitan University,"Kyiv, Ukraine",,,,,,,,,,,
Bowen University,"Iwo, Nigeria",,,,,,,,,,,
Brainware University,"Kolkata, India",,,,,,,,,,,
Buana Perjuangan University Karawang,"Karawang, Indonesia",,,,,,,,,,,
Buckinghamshire New University,"High Wycombe, United Kingdom",,,,,,,,,,,
Budapest Business School,"Budapest, Hungary",,,,,,,,,,,
Budapest Metropolitan University,"Budapest, Hungary",,,,,,,,,,,
Bukhara Engineering Technological Institute,"Bukhara, Uzbekistan",,,,,,,,,,,
Bukhara State Medical Institute,"Bukhara city, Uzbekistan",,,,,,,,,,,
Bukhara State University,"Bukhara, Uzbekistan",,,,,,,,,,,
Bulacan State University,"City of Malolos, Philippines",,,,,,,,,,,
Bundelkhand University,India,,,,,,,,,,,
Cagayan State University,"Tuguegarao, Philippines",,,,,,,,,,,
Çağ University,"Tarsus, Türkiye",,,,,,,,,,,
"California State University, Chico","Chico, United States",,,,,,,,,,,
Canadian International College - Cairo Campus of Cape Breton University Canada,"New Cairo, Egypt",,,,,,,,,,,
Capitol University,"Cagayan de Oro, Philippines",,,,,,,,,,,
Caraga State University - Ampayon Campus,"Butuan City, Philippines",,,,,,,,,,,
Carlemany University,Andorra,,,,,,,,,,,
Catholic University in Erbil,"Erbil, Iraq",,,,,,,,,,,
Catholic University of Ávila,"AV, Spain",,,,,,,,,,,
Catholic University of Córdoba,"Cordoba, Argentina",,,,,,,,,,,
Catholic University of Uruguay,"Montevideo, Uruguay",,,,,,,,,,,
Cebu Technological University,"CEB, Philippines",,,,,,,,,,,
CECOS University of IT and Emerging Sciences,"Peshawar, Pakistan",,,,,,,,,,,
Central Asian University CAU,Uzbekistan,,,,,,,,,,,
Central Bicol State University of Agriculture,"Pili, Philippines",,,,,,,,,,,
Central Luzon State University,"Nueva Ecija, Philippines",,,,,,,,,,,
Central Mindanao Colleges,"Kidapawan City, Philippines",,,,,,,,,,,
Central University of Europe,"Kutaisi, Georgia",,,,,,,,,,,
Centro de Estudios para la Calidad Educativa y la Investigación Científica (CECEIC),"Toluca, Mexico",,,,,,,,,,,
Centro Universitário Cesuca,"Cachoeirinha, Brazil",,,,,,,,,,,
Centro Universitário de Jaguariúna,"Jaguariuna, Brazil",,,,,,,,,,,
Centro Universitario Integrado,"Campo Mourao, Brazil",,,,,,,,,,,
Centro Universitário Max Planck,"Indaiatuba, Brazil",,,,,,,,,,,
Centro Universitário Nossa Senhora do Patrocínio (CEUNSP),"Sao Paulo, Brazil",,,,,,,,,,,
CESI,"Paris, France",,,,,,,,,,,
CETYS Universidad,"Mexicali, Mexico",,,,,,,,,,,
Chadli Bendjedid El Tarf University,"El Tarf, Algeria",,,,,,,,,,,
Charmo University,"Sulaimani, Iraq",,,,,,,,,,,
Chernihiv Polytechnic National University,"Chernihiv, Ukraine",,,,,,,,,,,
Chhatrapati Shahu Ji Maharaj University,"Kanpur, India",,,,,,,,,,,
Chirchik State Pedagogical Institute,"Chirchik, Uzbekistan",,,,,,,,,,,
Cholistan University of Veterinary and Animal Sciences,"Bahawalpur, Pakistan",,,,,,,,,,,
Cihan University – Erbil,"Erbil, Iraq",,,,,,,,,,,
Cihan University Sulaimaniya,"Sulaimanya, Iraq",,,,,,,,,,,
City College of San Fernando Pampanga,"City of San Fernando, Philippines",,,,,,,,,,,
"City University of Science and Information Technology, Peshawar","Peshawar, Pakistan",,,,,,,,,,,
Civil Aviation Academy,"Almaty, Kazakhstan",,,,,,,,,,,
Courtauld Institute of Art,"London, United Kingdom",,,,,,,,,,,
Cranfield University,"Cranfield, United Kingdom",80,,,,,,,,,,
Cruzeiro do Sul University,"Vila Jacuí, Brazil",,,,,,,,,,,
Daaru Salaam University (DSU),"Mogadishu, Somalia",,,,,,,,,,,
Daneshpajoohan Pishro Higher Education Institute,"Esfahan, Iran",,,,,,,,,,,
Dawood University of Engineering and Technology,"Karachi, Pakistan",,,,,,,,,,,
Deen Dayal Upadhyaya Gorakhpur University,"Gorakhpur, India",,,,,,,,,,,
De La Salle – College of Saint Benilde,"Malate, Philippines",,,,,,,,,,,
De La Salle Medical and Health Sciences Institute (DLSMHSI),"Dasmarinas City, Philippines",,,,,,,,,,,
Dhakuakhana College Autonomous,"Dhakuakhana, India",,,,,,,,,,,
DHA Suffa University,"Karachi City, Pakistan",,,,,,,,,,,
Diplomat University,"Tashkent, Uzbekistan",,,,,,,,,,,
Doğuş University,"Umraniye, Türkiye",,,,,,,,,,,
Don Bosco University,"Sonapur, India",,,,,,,,,,,
Don Mariano Marcos Memorial State University,"La Union, Philippines",,,,,,,,,,,
Dovletmammet Azadi Turkmen National Institute of World Languages,"Asgabat, Turkmenistan",,,,,,,,,,,
Dr. Rafael Belloso Chacín Private University,"Maracaibo, Venezuela",,,,,,,,,,,
D. Serikbayev East Kazakhstan Technical University,"Ust-Kamenogorsk, Kazakhstan",,,,,,,,,,,
Duhok Polytechnic University,"Kurdistan, Iraq",,,,,,,,,,,
Dulaty University,"Taraz City, Kazakhstan",,,,,,,,,,,
EAN University,"Bogata, Colombia",,,,,,,,,,,
École Nationale Polytechnique,"El Harrach, Algeria",,,,,,,,,,,
École Nationale Supérieure de Biotechnologie Taoufik Khaznadar (ENSB),"Ali Mendjeli, Algeria",,,,,,,,,,,
École Nationale Supérieure des Sciences de la Mer et de l’Aménagement du Littoral (ENSSMAL),"Dely Ibrahim, Algeria",,,,,,,,,,,
Ecole Nationale Supérieure d'Hydraulique,"Blida, Algeria",,,,,,,,,,,
École Nationale Supérieure d’Informatique (ESI),"Algiers, Algeria",,,,,,,,,,,
École Normale Supérieure de Béchar,"Béchar, Algeria",,,,,,,,,,,
École Normale Supérieure de Kouba,"Vieux-Kouba, Algeria",,,,,,,,,,,
École Normale Supérieure de Laghouat,"Laghouat, Algeria",,,,,,,,,,,
École Normale Supérieure de Ouargla,"Al-Nasr District, Algeria",,,,,,,,,,,
École Normale Supérieure El Katiba Assia Djebar Constantine (ENSC),"Ali Mendjeli, Algeria",,,,,,,,,,,
École Polytechnique d’Architecture et d’Urbanisme,"Algiers, Algeria",,,,,,,,,,,
École Supérieure des Sciences de l'Aliment et des Industries Agroalimentaires,"Beaulieu Oued Smar, Algeria",,,,,,,,,,,
École Supérieure en Informatique 8 Mai 1945 de Sidi-Bel-Abbès,"Sidi Bel Abbes, Algeria",,,,,,,,,,,
École Supérieure en Sciences Appliquées de Tlemcen,"Tlemcen, Algeria",,,,,,,,,,,
École Supérieure en Sciences Biologiques d’Oran (ESSBO),"Oran, Algeria",,,,,,,,,,,
École Supérieure en Sciences et Technologies de l’Informatique et du Numérique (ESTIN),"Amizour, Algeria",,,,,,,,,,,
Ecotec University,"Samborondon, Ecuador",,,,,,,,,,,
Effat University,"Jeddah, Saudi Arabia",,,,,,,,,,,
Egerton University,"Njoro, Kenya",,,,,,,,,,,
Egyptian Chinese University,"Cairo, Egypt",,,,,,,,,,,
Egyptian Russian University,"Badr City, Egypt",,,,,,,,,,,
Egypt University of Informatics,"Cairo, Egypt",,,,,,,,,,,
EIA University,"Córdova Airport, Colombia",,,,,,,,,,,
Elmergib University,"Al Khoms, Libya",,,,,,,,,,,
Emaan Institute of Management and Sciences,"Karachi, Pakistan",,,,,,,,,,,
Emerson University Multan,"Multan, Pakistan",,,,,,,,,,,
Emir Abdelkader University of Islamic Sciences,"Constantine, Algeria",,,,,,,,,,,
Escola Superior de Ciencias Sociais Artes e Humanidades,"Kongo, Angola",,,,,,,,,,,
Escola Superior Pedagogica do Bengo,"Dande, Angola",,,,,,,,,,,
Escola Superior Pedagogica do Bie,"Kuito, Angola",,,,,,,,,,,
Escola Superior Pedagogica do Cuanza Norte,"Cazengo, Angola",,,,,,,,,,,
Escuela Superior Politécnica de Chimborazo,"Riobamba, Ecuador",,,,,,,,,,,
ESIC University,"M, Spain",,,,,,,,,,,
ESLSCA University,"Giza, Egypt",,,,,,,,,,,
Estonian Academy of Arts,"Tallinn, Estonia",,,,,,,,,,,
Eszterházy Károly Catholic University,"Eger, Hungary",,,,,,,,,,,
EURECOM,"Valbonne, France",,,,,,,,,,,
European University,"Tbilisi, Georgia",,,,,,,,,,,
European University of Armenia,"Yerevan, Armenia",,,,,,,,,,,
European University of Tirana,"Tirana, Albania",,,,,,,,,,,
European University Ukraine,"Kyiv, Ukraine",,,,,,,,,,,
"Evangel University, Akaeze","Okpoto, Ishielu L.G.A, Nigeria",,,,,,,,,,,
Externado University of Colombia,"Bogata, Colombia",,,,,,,,,,,
Falmouth University,"Falmouth, United Kingdom",,,,,,,,,,,
Fatima Jinnah Women University,"Rawalpindi, Pakistan",,,,,,,,,,,
Federal University of Lafia,"Lafia, Nigeria",,,,,,,,,,,
"Federal University of Petroleum Resources, Effurun","Effurun, Nigeria",,,,,,,,,,,
Fergana Polytechnic Institute,"Fergana, Uzbekistan",,,,,,,,,,,
Fergana State University,"Fergana, Uzbekistan",,,,,,,,,,,
Final International University,"Catalkoy, Türkiye",,,,,,,,,,,
Finis Terrae University,"Santiago, Chile",,,,,,,,,,,
Fo Guang University,Taiwan,,,,,,,,,,,
Forman Christian College,"Lahore, Pakistan",,,,,,,,,,,
Fountain University,"Osogbo, Nigeria",,,,,,,,,,,
Frontier University Garowe,"Garowe, Somalia",,,,,,,,,,,
FSG University Center,"Caxias do Sul, Brazil",,,,,,,,,,,
Galala University,"Attaka, Egypt",,,,,,,,,,,
Gangadhar Meher University,"Sambalpur, India",,,,,,,,,,,
Gaziantep Islamic Science and Technology University,"Sahinbey, Türkiye",,,,,,,,,,,
GD Goenka University,"Sohna, India",,,,,,,,,,,
General Sir John Kotelawala Defence University,"Rathmalana, Sri Lanka",,,,,,,,,,,
Ghazi University,"Dera Ghazi Khan, Pakistan",,,,,,,,,,,
Glasgow School of Art,"Glasgow, United Kingdom",,,,,,,,,,,
Global College of Engineering and Technology,"Muscat, Oman",,,,,,,,,,,
Global Leadership University,"Ulaanbaatar, Mongolia",,,,,,,,,,,
Godfrey Okoye University,"Emene, Nigeria",,,,,,,,,,,
Gonbad Kavous University,"Gonbad-Kavous, Iran",,,,,,,,,,,
Gordon College,"Olongapo City, Philippines",,,,,,,,,,,
Government College Women University Faisalabad,"Faisalabad, Pakistan",,,,,,,,,,,
"Government College Women University, Sialkot","Sialkot, Pakistan",,,,,,,,,,,
Graduate University of Advanced Technology,"Kerman, Iran",,,,,,,,,,,
Guildhall School of Music and Drama,"Barbican, United Kingdom",,,,,,,,,,,
Guimaras State University,"Buenavista, Philippines",,,,,,,,,,,
Gulf College,"Muscat, Oman",,,,,,,,,,,
Gulf Medical University,"Ajman, United Arab Emirates",,,,,,,,,,,
Gulf University,"Block 743, Bahrain",,,,,,,,,,,
Gulf University for Science and Technology,"West Mishref, Kuwait",,,,,,,,,,,
Gulistan State University,"Guliston, Uzbekistan",,,,,,,,,,,
Hadhramout University,"Hadhramaut, Yemen",,,,,,,,,,,
Hagoromo University of International Studies,"Osaka, Japan",,,,,,,,,,,
Hakuoh University,"Oyama City, Japan",,,,,,,,,,,
Häme University of Applied Sciences,"Hameenlinna, Finland",,,,,,,,,,,
Hanseo University,"Seosan-Si, South Korea",,,,,,,,,,,
Harper Adams University,"Newport, United Kingdom",,,,,,,,,,,
Hartpury University,"Gloucester, United Kingdom",,,,,,,,,,,
Hawler Medical University,"Erbil, Iraq",,,,,,,,,,,
Hebron University,"Hebron, Palestinian Territories",,,,,,,,,,,
"Higher National School of Renewable Energies, Environment & Sustainable Development","Fesdis, Algeria",,,,,,,,,,,
Higher School of Agronomy – Mostaganem (ESAM),"Kherrouba, Algeria",,,,,,,,,,,
Higher School of Commerce of Algiers,"Tipaza, Algeria",,,,,,,,,,,
Higher School of Management and Digital Economy (HSMDE),"Kolea, Algeria",,,,,,,,,,,
Hilla University College,"Babylon Governorate, Iraq",,,,,,,,,,,
Hiroshima International University,"Higashihiroshima City, Japan",,,,,,,,,,,
HITEC University,"Rawalpindi, Pakistan",,,,,,,,,,,
Horus University,"New Damietta, Egypt",,,,,,,,,,,
Ho Technical University,"Ho, Ghana",,,,,,,,,,,
Hryhorii Skovoroda University in Pereiaslav,"Pereiaslav, Ukraine",,,,,,,,,,,
Hyogo University of Teacher Education,"28, Japan",,,,,,,,,,,
Iași University of Life Sciences,Romania,,,,,,,,,,,
"ICFAI University, Dehradun","Selaqui, India",,,,,,,,,,,
Igbinedion University Okada,"Okada, Nigeria",,,,,,,,,,,
IIMT University,"Meerut, India",,,,,,,,,,,
Ilma University,"Karachi, Pakistan",,,,,,,,,,,
Imam Alkadhim University College,"Baghdad, Iraq",,,,,,,,,,,
Imam Ja’afar Al-Sadiq University,"Baghdad, Iraq",,,,,,,,,,,
Imam Reza International University,"Mashhad, Iran",,,,,,,,,,,
IMT Mines Alès,"Ales, France",,,,,,,,,,,
"Independent University, Bangladesh","Dhaka, Bangladesh",,,,,,,,,,,
Indian Institute of Science Education and Research Tirupati,"Tirupati District, India",,,,,,,,,,,
Information Technology University of the Punjab,"Lahore, Pakistan",,,,,,,,,,,
Institute of Agriculture and Agrotechnologies of Karakalpakstan,"Nukus, Uzbekistan",,,,,,,,,,,
Institute of Cancer Research,"Fulham, United Kingdom",,,,,,,,,,,
Institute of International Relations of the Ministry of Foreign Affairs of Turkmenistan,"Ashgabat, Turkmenistan",,,,,,,,,,,
Institute of Telecommunications and Informatics of Turkmenistan,"Ashgabat, Turkmenistan",,,,,,,,,,,
Instituto Superior de Ciências da Educação da Huíla,"Lubango, Angola",,,,,,,,,,,
Instituto Superior de Ciências da Educação de Benguela,"Benguela, Angola",,,,,,,,,,,
Instituto Superior de Ciências da Educação de Luanda,"Luanda, Angola",,,,,,,,,,,
Instituto Superior de Ciências da Educação do Huambo,"Huambo, Angola",,,,,,,,,,,
Instituto Superior de Ciências de Educação de Cabinda,"Cabinda, Angola",,,,,,,,,,,
Instituto Superior de Ciencias de Educacao do Sumbe,"Sumbe, Angola",,,,,,,,,,,
Instituto Superior Politecnico de Ndalatando,"Ndalatando, Angola",,,,,,,,,,,
Instituto Superior Politécnico de Soyo,"Soyo, Angola",,,,,,,,,,,
Instituto Superior Politecnico do Bengo,"Caxito, Angola",,,,,,,,,,,
Instituto Superior Politécnico do Bié,"Kuito, Angola",,,,,,,,,,,
Instituto Superior Politécnico do Cuanza Sul,"Sumbe, Angola",,,,,,,,,,,
Instituto Superior Politecnico do Moxico,"Luena, Angola",,,,,,,,,,,
Instituto Superior Universitario Nimi Ya Lukeni,"Soyo, Angola",,,,,,,,,,,
Instituto Tecnológico de Buenos Aires (ITBA),"Buenos Aires, Argentina",,,,,,,,,,,
Institut Teknologi Nasional Bandung (ITENAS Bandung),"Bandung, Indonesia",,,,,,,,,,,
Institut Teknologi PLN,"West Jakarta, Indonesia",,,,,,,,,,,
International IT University,"Almaty, Kazakhstan",,,,,,,,,,,
International University for the Humanities and Development,"Ashgabat, Turkmenistan",,,,,,,,,,,
International University of Erbil,"Erbil, Iraq",,,,,,,,,,,
International University of Grand-Bassam (IUGB),"Grand Bassam, Côte d’Ivoire",,,,,,,,,,,
Interregional Academy of Personnel Management (IAPM),"Kyiv, Ukraine",,,,,,,,,,,
Ion Mincu University of Architecture and Urbanism,"Bucuresti, Romania",,,,,,,,,,,
Iqra National University,"Hayatabad, Pakistan",,,,,,,,,,,
Israel Technological University,"Quito, Ecuador",,,,,,,,,,,
Istanbul Gedik University,"Istanbul, Türkiye",,,,,,,,,,,
Istanbul Kültür University,"Istanbul, Türkiye",,,,,,,,,,,
İstanbul Nişantaşi University,"Sarıyer, Türkiye",,,,,,,,,,,
Istanbul Topkapi University,"Kazlıcesme, Türkiye",,,,,,,,,,,
Istanbul Yeni Yuzyil University,"Zeytinburnu, Türkiye",,,,,,,,,,,
IUBAT – International University of Business Agriculture and Technology,"Dhaka, Bangladesh",,,,,,,,,,,
Jabir ibn Hayyan University for Medical and Pharmaceutical Sciences,"Kufa, Iraq",,,,,,,,,,,
Jadara University,"Irbid, Jordan",,,,,,,,,,,
Japan Advanced Institute of Science and Technology (JAIST),"17, Japan",,,,,,,,,,,
Jaramogi Oginga Odinga University of Science and Technology,"Bondo, Kenya",,,,,,,,,,,
"Jaypee University of Engineering and Technology, Guna","Guna, India",,,,,,,,,,,
Jesselton University College,"Kota Kinab, Malaysia",,,,,,,,,,,
Jinnah Sindh Medical University,"Karachi, Pakistan",,,,,,,,,,,
Jizzakh Polytechnic Institute,"Jizzakh, Uzbekistan",,,,,,,,,,,
Jizzakh State Pedagogical University,"Jizzakh, Uzbekistan",,,,,,,,,,,
João Pessoa University Center (UNIPÊ),"Joao Pessoa, Brazil",,,,,,,,,,,
John von Neumann University,"Kecskemet, Hungary",,,,,,,,,,,
JSSATE Bengaluru,"Bengaluru, India",,,,,,,,,,,
Kabarak University,"Nakuru, Kenya",,,,,,,,,,,
Kabul University,"Kabul, Afghanistan",,,,,,,,,,,
Kaduna State University,"Kaduna, Nigeria",,,,,,,,,,,
Kamianets-Podіlskyi Ivan Ohiienko National University,"Kamianets Podilskyi, Ukraine",,,,,,,,,,,
Karakalpak State University,"Nukus, Uzbekistan",,,,,,,,,,,
Karakoram International University,"Gilgit, Pakistan",,,,,,,,,,,
Karatina University,"Karatina, Kenya",,,,,,,,,,,
Karshi State University,"Qarshi, Uzbekistan",,,,,,,,,,,
Kayseri University,"Kayseri, Türkiye",,,,,,,,,,,
Kazakh-British Technical University,"Almaty, Kazakhstan",,,,,,,,,,,
Kazakh National Women’s Teacher Training University,"Almaty, Kazakhstan",,,,,,,,,,,
Kermanshah University of Technology,"Kermanshah, Iran",,,,,,,,,,,
Kharkiv Humanitarian-Pedagogical Academy,"Kharkiv, Ukraine",,,,,,,,,,,
Kharkiv International Medical University,"Oblast, Ukraine",,,,,,,,,,,
Kharkiv National University of Internal Affairs,"Kharkiv, Ukraine",,,,,,,,,,,
Kharkiv University of Humanities “People’s Ukrainian Academy”,"Kharkiv, Ukraine",,,,,,,,,,,
Khemis Miliana University,"Khamis Miliana, Algeria",,,,,,,,,,,
Kherson State Agrarian and Economic University,"Kherson, Ukraine",,,,,,,,,,,
Kherson State Maritime Academy,"Kherson, Ukraine",,,,,,,,,,,
Kherson State University,"Ivano Frankivsk, Ukraine",,,,,,,,,,,
Khmelnytskyi National University,Ukraine,,,,,,,,,,,
Khyber Medical University,"Peshawar, Pakistan",,,,,,,,,,,
Kibabii University,"Bungoma, Kenya",,,,,,,,,,,
Kimyo International University in Tashkent,"Tashkent, Uzbekistan",,,,,,,,,,,
King Abdullah University of Science and Technology (KAUST),"Thuwal, Saudi Arabia",,,,,,,,,,,
King Danylo University,"Ivano-Frankivsk, Ukraine",,,,,,,,,,,
Kingdom University,"Riffa, Bahrain",,,,,,,,,,,
King Edward Medical University,"Anarkali, Pakistan",,,,,,,,,,,
Kinnaird College for Women,"Lahore, Pakistan",,,,,,,,,,,
