Name,Geo,World University Rankings 2026,Arts and Humanities 2025,Business and Economics 2025,Medical and Health 2025,Computer Science 2025,Education Studies 2025,Engineering 2025,Law 2025,Life Sciences 2025,Physical Sciences 2025,Social Sciences 2025
University of Oxford,"Oxford, United Kingdom",1,3,2,1,1,3,4,7,4,8,2
Massachusetts Institute of Technology,"Cambridge, United States",2,1,1,3,3,3,4,1,,,
Princeton University,"Princeton, United States",3,6,6,8,7,5,3,5,,,
University of Cambridge,"Cambridge, United Kingdom",3,2,5,3,2,4,6,4,2,7,2
Harvard University,"Cambridge, United States",5,5,7,2,10,5,1,2,1,2,4
Stanford University,"Stanford, United States",5,4,3,6,5,1,2,1,5,2,1
California Institute of Technology,"Pasadena, United States",7,15,7,10,1,39,,,,,
Imperial College London,"London, United Kingdom",8,4,8,12,12,14,,,,,
"University of California, Berkeley","Berkeley, United States",9,7,8,11,8,2,5,6,8,6,5
Yale University,"New Haven, United States",10,10,11,6,24,18,9,6,12,7,11
ETH Zurich,"Zurich, Switzerland",11,40,19,42,4,10,12,9,22,,
Tsinghua University,"Beijing, China",12,39,6,15,13,7,13,19,15,12,20
Peking University,"Haidian District, China",13,38,4,25,12,8,11,14,11,11,18
University of Pennsylvania,"Philadelphia, United States",14,15,13,10,36,16,34,24,16,28,8
The University of Chicago,"Chicago, United States",15,9,9,26,40,8,19,16,11,13,
Johns Hopkins University,"Baltimore, United States",16,49,67,5,25,30,37,9,33,20,25
National University of Singapore,"Singapore, Singapore",17,25,12,17,11,9,12,21,10,45,17
Cornell University,"Ithaca, United States",18,32,18,17,16,24,34,18,18,29,19
"University of California, Los Angeles","Los Angeles, United States",18,14,20,14,17,13,16,25,22,17,11
Columbia University,"New York, United States",20,12,14,16,26,18,28,5,14,15,14
University of Toronto,"Toronto, Canada",21,16,24,9,23,9,23,22,26,30,11
UCL,"London, United Kingdom",22,7,22,8,34,10,48,10,20,38,6
University of Michigan-Ann Arbor,"Ann Arbor, United States",23,20,21,18,41,12,19,18,27,24,10
Carnegie Mellon University,"Pittsburgh, United States",24,89,26,6,20,101125,57,24,101125,,
University of Washington,"Seattle, United States",25,78,42,19,18,32,51,126150,24,23,43
The University of Tokyo,"Tokyo, Japan",26,67,28,27,37,24,31,30,25,72,35
Technical University of Munich,"Munich, Germany",27,101125,31,53,14,42,22,34,19,,
Duke University,"Durham, United States",28,36,15,23,57,63,23,23,52,26,33
University of Edinburgh,"Edinburgh, United Kingdom",29,11,73,21,29,27,76,16,29,40,23
Northwestern University,"Evanston, United States",30,101125,16,46,85,51,32,52,51,36,21
"Nanyang Technological University, Singapore",Singapore,31,101125,36,85,19,18,14,49,26,101125,47
New York University,"New York, United States",31,17,17,49,27,23,99,3,41,47,16
University of Hong Kong,"Pokfulam, Hong Kong SAR China",33,60,46,21,53,6,39,30,45,41,57
LMU Munich,"Munich, Germany",34,13,34,45,55,46,26,43,28,27,67
École Polytechnique Fédérale de Lausanne,"Lausanne, Switzerland",35,20,21,55,20,,,,,,
Fudan University,"Shanghai, China",36,126150,27,40,58,101125,43,39,22,301400,98
University of Melbourne,"Parkville, Australia",37,48,40,20,50,16,69,11,35,79,25
King’s College London,"Westminster, United Kingdom",38,24,59,12,91,35,126150,27,32,92,9
Zhejiang University,China,39,151175,41,76,32,62,27,40,46,60,201250
Shanghai Jiao Tong University,"Shanghai, China",40,101125,25,56,33,26,39,56,41,89,
Georgia Institute of Technology,"Atlanta, United States",41,151175,75,22,15,100,49,101125,151175,,
McGill University,"Montreal, Canada",41,51,84,29,76,38,73,33,40,66,21
The Chinese University of Hong Kong,Hong Kong SAR China,41,88,47,24,30,11,56,59,81,61,67
University of Illinois at Urbana-Champaign,"Urbana, United States",41,92,55,176200,21,29,25,101125,86,41,48
University of British Columbia,"Vancouver, Canada",45,53,29,28,51,25,49,41,33,56,17
KU Leuven,"Leuven, Belgium",46,18,49,41,44,44,50,15,52,74,19
"University of California, San Diego","La Jolla, United States",47,73,35,34,35,56,42,25,41,33,53
Paris Sciences et Lettres – PSL Research University Paris,"Paris, France",48,22,101125,38,79,126150,78,21,79,,
Heidelberg University,"Heidelberg, Germany",49,37,38,101125,50,36,39,73,74,,
University of Texas at Austin,"Austin, United States",50,55,51,101125,31,21,29,66,101125,37,33
University of Science and Technology of China,"Hefei, China",51,94,52,46,85,31,,,,,
London School of Economics and Political Science,"London, United Kingdom",52,31,10,13,401500,53,9,,,,
Karolinska Institute,"Stockholm, Sweden",53,13,31,29,,,,,,,
The University of Sydney,"Sydney, Australia",53,45,71,35,69,21,61,47,47,85,50
University of Wisconsin-Madison,"Madison, United States",53,79,54,92,63,14,74,151175,44,45,39
University of Manchester,"Manchester, United Kingdom",56,43,32,48,68,84,45,78,53,55,81
Delft University of Technology,"Delft, Netherlands",57,26,201250,45,101125,17,176200,66,60,,
Monash University,"Clayton, Australia",58,81,67,31,61,19,59,74,57,101125,63
Seoul National University,"Seoul, South Korea",58,151175,75,44,49,65,40,63,70,101125,
The Hong Kong University of Science and Technology,Hong Kong SAR China,58,126150,33,28,33,101125,64,101125,,,
Kyoto University,"Kyoto, Japan",61,101125,90,46,67,52,43,37,54,87,72
Nanjing University,"Nanjing, China",62,151175,101125,86,66,58,74,31,126150,,
University of Amsterdam,"Amsterdam, Netherlands",62,30,77,37,72,86,20,83,76,15,18
"University of California, Davis","Davis, United States",64,126150,60,71,101125,101125,85,101125,28,90,33
Brown University,"Providence, United States",65,57,37,61,71,101125,90,101125,50,44,64
Wageningen University & Research,Netherlands,66,126150,101125,16,101125,36,,,,,
Washington University in St Louis,"Saint Louis, United States",67,201250,126150,32,201250,201250,201250,38,126150,57,79
Institut Polytechnique de Paris,"Palaiseau, France",68,101125,42,96,126150,27,,,,,
Université Paris-Saclay,"Gif-sur-Yvette, France",68,201250,176200,93,54,126150,201250,59,35,151175,
Korea Advanced Institute of Science and Technology (KAIST),"Daejeon, South Korea",70,201250,176200,39,35,87,82,301400,,,
Leiden University,"Leiden, Netherlands",70,21,62,21,75,59,45,,,,
"University of California, Santa Barbara","Santa Barbara, United States",72,84,62,99,47,101125,34,80,64,,
The Australian National University,"Canberra, Australia",73,65,81,101125,81,101125,31,71,59,101125,29
City University of Hong Kong,"Kowloon, Hong Kong SAR China",73,101125,48,57,59,42,96,65,61,,
University of Southern California,"Los Angeles, United States",73,87,49,54,64,64,101125,77,88,126150,78
Boston University,"Boston, United States",76,126150,45,36,101125,101125,126150,83,64,101125,59
Sorbonne University,"Paris, France",76,27,81,77,201250,151175,62,48,101125,,
University of North Carolina at Chapel Hill,"Chapel Hill, United States",78,90,75,30,101125,56,126150,101125,50,151175,38
UNSW Sydney,"Sydney, Australia",79,101125,98,71,84,60,51,35,89,82,69
The Hong Kong Polytechnic University,"Hung Hom, Hong Kong SAR China",80,101125,37,151175,74,41,151175,97,68,,
The University of Queensland,"Brisbane, Australia",80,126150,65,57,101125,40,68,95,42,87,28
University of Bristol,"Bristol, United Kingdom",80,85,151175,54,101125,43,100,60,81,63,65
University of Groningen,"Groningen, Netherlands",82,66,56,63,126150,63,126150,73,82,80,41
University of Glasgow,"Glasgow City, United Kingdom",84,56,99,50,151175,96,176200,44,77,151175,52
Purdue University West Lafayette,"West Lafayette, United States",85,176200,71,176200,47,47,30,73,89,64,101125
Yonsei University (Seoul campus),"Seodaemun, South Korea",86,251300,87,60,97,101125,80,101125,126150,101125,101125
Sungkyunkwan University (SKKU),"Jongno-gu, South Korea",87,201250,97,50,86,201250,70,126150,126150,151175,201250
University of Minnesota,"Minneapolis, United States",88,126150,39,65,201250,70,101125,92,84,92,30
Humboldt University of Berlin,Germany,89,18,201250,101125,28,78,73,40,40,,
University of Copenhagen,"Copenhagen, Denmark",90,60,64,126150,48,101125,101125,50,,,
Charité - Universitätsmedizin Berlin,"Berlin, Germany",91,32,,,,,,,,,
RWTH Aachen University,"Aachen, Germany",92,201250,126150,60,36,71,,,,,
University of Bonn,Germany,92,151175,69,151175,95,95,95,46,301400,176200,
Vanderbilt University,"Nashville, United States",92,201250,101125,59,176200,28,176200,61,68,176200,32
Lund University,"Lund, Sweden",95,74,87,83,251300,151175,36,75,85,201250,46
University of Vienna,"Vienna, Austria",95,23,101125,126150,70,45,97,101125,51,44,
"University of California, Irvine","Irvine, United States",97,101125,201250,126150,75,44,87,66,101125,69,42
KTH Royal Institute of Technology,"Stockholm, Sweden",98,69,37,101125,,,,,,,
University of Birmingham,"Birmingham, United Kingdom",98,63,101125,66,176200,73,96,101125,101125,101125,70
University of Tübingen,"Tubingen, Germany",98,33,98,86,58,66,176200,53,126150,,
Aarhus University,"Aarhus, Denmark",101,46,126150,77,98,85,176200,126150,65,126150,82
Emory University,"Atlanta, United States",102,101125,201250,43,151175,68,201250,101125,126150,,
Rice University,"Houston, United States",103,176200,126150,101125,89,151175,78,126150,151175,,
Tohoku University,"Sendai, Japan",103,251300,101125,101125,62,89,95,251300,,,
Michigan State University,"East Lansing, United States",105,126150,53,201250,93,15,151175,151175,94,94,61
University of Helsinki,"Helsinki, Finland",105,42,101125,176200,50,63,71,101125,126150,87,
Erasmus University Rotterdam,"Rotterdam, Netherlands",107,151175,23,52,93,81,,,,,
Ohio State University (Main campus),"Columbus, United States",108,126150,101125,101125,151175,36,101125,176200,126150,101125,48
Penn State (Main campus),United States,108,126150,92,151175,101125,31,76,101125,126150,58,46
University of Bern,"Bern, Switzerland",108,101125,201250,67,251300,176200,126150,101125,101125,101125,
The University of Sheffield,"Sheffield, United Kingdom",108,76,151175,101125,151175,101125,96,151175,99,126150,101125
University of Massachusetts,"Boston, United States",112,92,52,99,48,37,55,58,72,98,101125
Free University of Berlin,"Berlin, Germany",113,29,151175,151175,126150,70,80,101125,72,42,
University of Oslo,"Oslo, Norway",113,60,101125,126150,53,36,126150,126150,126150,59,
Ghent University,"Ghent, Belgium",115,69,151175,96,151175,54,101125,49,48,126150,46
McMaster University,"Hamilton, Canada",116,251300,201250,39,251300,176200,101125,401500,95,201250,
"University of Maryland, College Park","College Park, United States",116,151175,87,201250,56,48,101125,151175,62,68,70
University of Leeds,"Leeds, United Kingdom",118,64,101125,101125,201250,89,126150,78,98,101125,126150
University of Alberta,Canada,119,151175,101125,74,80,76,88,126150,100,126150,126150
University of Basel,"Basel, Switzerland",120,126150,84,201250,93,201250,176200,126150,,,
Technical University of Denmark,"Lyngby, Denmark",121,176200,101125,57,101125,101125,,,,,
University of Göttingen,"Gottingen, Germany",122,101125,151175,301400,101125,60,77,176200,176200,,
University of Warwick,"Coventry, United Kingdom",122,59,30,126150,101125,101125,151175,71,176200,101125,100
Wuhan University,"Wuhan, China",122,201250,151175,97,101125,91,89,101125,97,151175,
University of Hamburg,"Hamburg, Germany",125,97,126150,126150,401500,82,66,151175,101125,101125,151175
University of Lausanne,"Lausanne, Switzerland",125,151175,126150,101125,126150,101125,301400,101125,126150,,
University of Rochester,"Rochester, United States",127,251300,151175,100,126150,126150,251300,176200,126150,72,176200
Uppsala University,"Uppsala, Sweden",128,75,201250,101125,251300,201250,201250,126150,54,126150,176200
University of Southampton,"Southampton, United Kingdom",129,126150,101125,101125,151175,101125,101125,176200,126150,100,101125
University of Bologna,"Bologna, Italy",130,43,92,101125,94,176200,251300,38,176200,201250,151175
Harbin Institute of Technology,"Harbin, China",131,301400,126150,98,54,176200,,,,,
Maastricht University,"Maastricht, Netherlands",131,176200,83,58,401500,26,29,126150,401500,55,126150
Adelaide University,"Adelaide, Australia",133,,,,,,,,,,
Beijing Normal University,"Haidian District, China",134,301400,126150,301400,20,151175,151175,95,37,151175,
Queen Mary University of London,"London, United Kingdom",134,101125,251300,69,126150,126150,46,101125,151175,201250,
University of Florida,"Gainesville, United States",134,201250,101125,91,151175,68,176200,81,67,151175,82
Scuola Normale Superiore di Pisa,"PI, Italy",137,101125,81,176200,,,,,,,
University of Arizona,"Tucson, United States",138,151175,176200,151175,401500,151175,176200,251300,201250,50,101125
University of Freiburg,"Freiburg, Germany",138,80,101125,101125,101125,176200,70,151175,151175,176200,
National Taiwan University (NTU),"Taipei City, Taiwan",140,251300,126150,80,101125,95,151175,251300,201250,201250,
Pohang University of Science and Technology (POSTECH),"Pohang, South Korea",141,126150,72,126150,126150,,,,,,
Tongji University,"Shanghai, China",141,101125,101125,176200,201250,301400,51,176200,176200,251300,
University of Liverpool,"London, United Kingdom",143,151175,151175,90,176200,126150,151175,126150,151175,126150,151175
Newcastle University,"Newcastle upon Tyne, United Kingdom",144,101125,201250,86,201250,201250,201250,176200,101125,201250,126150
Case Western Reserve University,"Cleveland, United States",145,301400,251300,82,201250,201250,201250,301400,251300,401500,
University of Barcelona,"Barcelona, Spain",145,77,301400,73,101125,301400,126150,101125,176200,101125,101125
University of Macau,Macao SAR China,145,301400,251300,151175,126150,126150,126150,176200,151175,176200,126150
University of Nottingham,"Nottingham, United Kingdom",145,101125,77,79,201250,54,101125,57,101125,151175,89
University of Technology Sydney,"Sydney, Australia",145,201250,126150,151175,83,98,101125,101125,201250,126150,201250
Université de Montréal,"Montreal, Canada",150,99,79,93,46,80,176200,101125,126150,201250,126150
Texas A&M University,"College Station, United States",151,201250,64,201250,101125,87,64,176200,101125,101125,201250
The University of Osaka,"Suita, Japan",151,401500,251300,70,151175,301400,101125,61,176200,301400,301400
The University of Western Australia,"Perth, Australia",153,201250,201250,126150,251300,101125,151175,201250,76,151175,101125
Radboud University Nijmegen,"Nijmegen, Netherlands",154,101125,201250,101125,151175,126150,126150,126150,33,176200,
University of York,"York, United Kingdom",154,54,101125,101125,201250,101125,251300,126150,151175,301400,65
Korea University,"Seongbuk-gu, South Korea",156,301400,101125,151175,96,101125,100,176200,151175,151175,251300
University of Auckland,"Auckland, New Zealand",156,101125,151175,126150,151175,34,101125,151175,151175,251300,79
University of Pittsburgh-Pittsburgh campus,"Pittsburgh, United States",156,58,251300,67,251300,80,251300,201250,91,201250,101125
University of Colorado Boulder,United States,159,251300,301400,151175,95,126150,126150,151175,53,151175,151175
Southern University of Science and Technology (SUSTech),"Shenzhen, China",160,301400,201250,176200,126150,126150,126150,,,,
Technical University of Berlin,"Berlin, Germany",160,151175,151175,65,85,90,126150,,,,
University of St Andrews,"St. Andrews, United Kingdom",162,35,301400,201250,601800,101125,126150,94,151175,,
University of Waterloo,"Waterloo, Canada",162,301400,126150,201250,43,78,251300,126150,126150,176200,
University of Cape Town,"Rondebosch, South Africa",164,201250,251300,78,601800,91,601800,101125,151175,301400,201250
University of Cologne,"Cologne, Germany",164,95,126150,151175,601800,151175,53,101125,251300,126150,151175
Institute of Science Tokyo,"Meguro-ku, Japan",166,,,,,,,,,,
Karlsruhe Institute of Technology,"Karlsruhe, Germany",166,201250,151175,78,71,176200,88,,,,
Macquarie University,"Sydney, Australia",166,151175,126150,151175,126150,91,176200,151175,176200,151175,96
University of Geneva,"Geneve, Switzerland",166,94,201250,126150,251300,176200,83,101125,126150,96,176200
University of Virginia (Main campus),"Charlottesville, United States",166,126150,56,176200,126150,69,201250,43,126150,201250,56
Sapienza University of Rome,"Rome, Italy",170,33,201250,201250,101125,176200,75,251300,99,101125,201250
University of Antwerp,"Antwerpen, Belgium",170,126150,201250,101125,301400,101125,301400,97,176200,176200,126150
University of Exeter,United Kingdom,170,82,201250,151175,301400,126150,201250,126150,101125,101125,101125
Trinity College Dublin,"Dublin, Ireland",173,96,100,126150,176200,101125,201250,88,92,201250,90
TU Dresden,"Dresden, Germany",174,301400,151175,151175,251300,101125,126150,126150,126150,,
Durham University,"Durham, United Kingdom",175,40,126150,301400,94,201250,55,201250,101125,101125,84
Huazhong University of Science and Technology,"Wuhan City, China",176,301400,201250,100,126150,201250,82,151175,151175,301400,
Vrije Universiteit Amsterdam,"Amsterdam, Netherlands",176,101125,101125,101125,151175,151175,101125,126150,176200,31,88
University of Würzburg,"Wurzburg, Germany",179,201250,126150,151175,301400,101125,176200,126150,401500,,
Dartmouth College,United States,180,201250,58,126150,251300,201250,101125,251300,101125,126150,
Medical University of Vienna,"Vienna, Austria",181,101125,,,,,,,,,
"University of California, Santa Cruz","Santa Cruz, United States",181,176200,201250,151175,201250,126150,101125,251300,126150,,
Universitat Autònoma de Barcelona (UAB),Spain,183,68,126150,151175,501600,61,301400,176200,151175,201250,251300
King Fahd University of Petroleum and Minerals,"Dhahran, Saudi Arabia",184,151175,126150,100,101125,,,,,,
Lancaster University,"Lancaster, United Kingdom",184,52,101125,201250,201250,39,176200,151175,201250,201250,126150
Université Catholique de Louvain,"Louvain-la-Neuve, Belgium",184,70,126150,126150,201250,101125,251300,101125,151175,151175,84
Pompeu Fabra University,"Barcelona, Spain",187,101125,82,176200,301400,101125,101125,,,,
University of Ottawa,"Ottawa, Canada",187,251300,301400,101125,201250,176200,301400,69,201250,301400,151175
Tufts University,"Medford, United States",189,301400,75,401500,201250,301400,201250,251300,201250,201250,
Université Paris Cité,"Paris, France",190,126150,501600,126150,251300,151175,126150,201250,401500,,
University of Twente,"Enschede, Netherlands",190,126150,201250,151175,78,126150,201250,176200,101125,,
Eindhoven University of Technology,"Eindhoven, Netherlands",192,126150,82,81,201250,151175,,,,,
University of Leicester,"Leicester, United Kingdom",192,126150,401500,101125,201250,151175,251300,201250,151175,201250,201250
University of Notre Dame,"Notre Dame, United States",194,50,176200,126150,201250,151175,63,301400,201250,126150,126150
Aalto University,"Espoo, Finland",195,101125,66,88,101125,,,,,,
The Education University of Hong Kong,"Tai Po, Hong Kong SAR China",195,,,,,,,,,,
University of Münster,"Munster, Germany",195,101125,126150,401500,251300,101125,176200,101125,201250,,
Indiana University,"Bloomington, United States",198,71,79,176200,201250,49,301400,126150,201250,251300,70
Queen’s University Belfast,"Belfast, United Kingdom",198,126150,301400,126150,301400,176200,176200,151175,126150,151175,176200
University of Calgary,"Calgary, Canada",200,301400,251300,101125,301400,101125,176200,201250,201250,301400,151175
Abu Dhabi University,"Abu Dhabi, United Arab Emirates",201250,62,301400,301400,251300,,,,,,
Arizona State University (Tempe),United States,201250,176200,91,251300,176200,76,151175,126150,201250,151175,101125
Beijing Institute of Technology,"Haidian District, China",201250,101125,176200,401500,101125,126150,176200,251300,201250,,
Cardiff University,"Cardiff, United Kingdom",201250,126150,151175,151175,201250,126150,201250,126150,151175,176200,76
Chalmers University of Technology,"Goteborg, Sweden",201250,251300,176200,126150,201250,94,201250,151175,201250,,
Deakin University,"Geelong, Australia",201250,301400,201250,201250,151175,70,126150,201250,201250,151175,201250
Friedrich Schiller University Jena,"Jena, Germany",201250,201250,301400,401500,251300,126150,176200,176200,201250,,
Georgetown University,"Washington, United States",201250,101125,201250,151175,501600,17,301400,8011000,80,81,
George Washington University,"Washington, United States",201250,301400,101125,126150,251300,201250,201250,101125,251300,251300,201250
Goethe University Frankfurt,"Frankfurt, Germany",201250,126150,201250,201250,601800,301400,98,126150,151175,176200,151175
Hong Kong Baptist University,"Kowloon, Hong Kong SAR China",201250,201250,201250,201250,151175,126150,251300,176200,301400,201250,
Indian Institute of Science,"Bangalore, India",201250,96,99,201250,201250,,,,,,
Khalifa University,"Abu Dhabi, United Arab Emirates",201250,176200,126150,176200,401500,,,,,,
Linköping University,"Linkoping, Sweden",201250,251300,201250,201250,126150,251300,151175,251300,201250,126150,201250
Medical University of Graz,"Graz, Austria",201250,176200,,,,,,,,,
Medical University of Innsbruck,"Innsbruck, Austria",201250,176200,,,,,,,,,
Nagoya University,"Nagoya, Japan",201250,251300,201250,201250,251300,176200,126150,176200,251300,251300,
"Northeastern University, US","Boston, United States",201250,251300,176200,201250,100,176200,76,176200,201250,101125,201250
Politecnico di Milano,Italy,201250,85,101125,88,65,251300,201250,,,,
Qatar University,"Ad Dawhah, Qatar",201250,401500,201250,201250,101125,201250,126150,126150,201250,176200,401500
Queensland University of Technology,"Brisbane, Australia",201250,201250,151175,176200,176200,126150,151175,54,201250,151175,201250
Sant’Anna School of Advanced Studies – Pisa,Italy,201250,151175,251300,201250,251300,176200,251300,301400,,,
Sichuan University,"Chengdu, China",201250,401500,126150,95,301400,301400,101125,201250,151175,176200,301400
Stockholm University,"Stockholm, Sweden",201250,101125,151175,401500,126150,93,91,101125,151175,86,
Sun Yat-sen University,"Guangzhou, China",201250,401500,151175,126150,176200,201250,201250,176200,176200,301400,151175
Tel Aviv University,"Tel Aviv, Israel",201250,201250,251300,176200,101125,201250,401500,100,201250,201250,151175
Tianjin University,"Tianjin, China",201250,301400,126150,251300,176200,201250,74,251300,201250,251300,
Ulsan National Institute of Science and Technology (UNIST),"Ulsan, South Korea",201250,401500,251300,126150,201250,176200,,,,,
United Arab Emirates University,"Al Ain, United Arab Emirates",201250,301400,151175,176200,301400,176200,251300,201250,251300,301400,301400
Université Libre de Bruxelles,"Brussels, Belgium",201250,176200,251300,126150,301400,401500,91,201250,176200,126150,176200
Universiti Teknologi Petronas,"Perak Darul Ridzuan, Malaysia",201250,201250,176200,201250,,,,,,,
University College Dublin,Ireland,201250,176200,176200,176200,101125,97,176200,126150,201250,251300,176200
University of Aberdeen,"Aberdeen, United Kingdom",201250,176200,251300,176200,301400,251300,251300,201250,101125,251300,201250
University of Erlangen-Nuremberg,"Erlangen, Germany",201250,176200,176200,151175,126150,201250,126150,151175,176200,151175,151175
University of Gothenburg,"Gothenburg, Sweden",201250,151175,301400,101125,501600,201250,501600,98,151175,251300,251300
University of Illinois Chicago,"Chicago, United States",201250,301400,301400,126150,126150,101125,201250,201250,251300,301400,201250
University of Malaya,"Kuala Lumpur, Malaysia",201250,251300,126150,201250,201250,101125,151175,151175,301400,301400,251300
University of Mannheim,"Mannheim, Germany",201250,201250,43,176200,176200,601800,75,57,,,
University of Miami,"Coral Gables, United States",201250,401500,301400,101125,501600,201250,401500,176200,201250,401500,151175
University of Padua,"Padua, Italy",201250,126150,301400,151175,201250,176200,201250,201250,201250,201250,84
University of Potsdam,"Potsdam, Germany",201250,151175,251300,151175,176200,151175,101125,176200,,,
University of Reading,"Reading, United Kingdom",201250,101125,86,301400,126150,201250,151175,101125,151175,151175,
University of São Paulo,Brazil,201250,98,101125,86,301400,67,251300,58,126150,301400,151175
University of Surrey,"Guildford, United Kingdom",201250,201250,95,251300,126150,176200,126150,56,401500,201250,251300
University of Sussex,"Brighton, United Kingdom",201250,176200,126150,251300,401500,201250,201250,176200,301400,151175,77
University of Utah,"Salt Lake City, United States",201250,301400,401500,126150,301400,201250,251300,176200,251300,251300,201250
University of Wollongong,"Wollongong, Australia",201250,301400,201250,251300,251300,126150,101125,101125,201250,176200,176200
Vrije Universiteit Brussel,"Elsene, Belgium",201250,176200,251300,176200,301400,126150,201250,51,201250,251300,251300
Western University,"London, Canada",201250,176200,96,126150,251300,100,176200,151175,251300,301400,92
Xi’an Jiaotong University,China,201250,176200,126150,251300,201250,67,151175,301400,201250,301400,
Aalborg University,"Aalborg East, Denmark",251300,301400,251300,201250,176200,176200,82,251300,301400,251300,201250
Beihang University,"HaiDian District, China",251300,401500,201250,126150,301400,93,301400,301400,301400,,
Boston College,"Chestnut Hill, United States",251300,151175,101125,251300,33,201250,301400,251300,176200,126150,
Central European University,"Vienna, Austria",251300,,,,,,,,,,
Central South University,"Hunan, China",251300,601,176200,176200,126150,101125,301400,251300,401500,,
Curtin University,"Perth, Australia",251300,251300,201250,251300,301400,101125,126150,126150,201250,151175,151175
East China Normal University,"Shanghai, China",251300,401500,301400,301400,59,151175,176200,201250,201250,251300,
Griffith University,"Nathan, Australia",251300,301400,126150,251300,201250,126150,201250,126150,176200,251300,176200
Hanyang University,South Korea,251300,301400,201250,301400,251300,301400,151175,251300,201250,301400,
Hebrew University of Jerusalem,"Jerusalem, Israel",251300,101125,301400,251300,251300,301400,83,251300,401500,176200,251300
Heinrich Heine University Düsseldorf,"Düsseldorf, Germany",251300,301400,176200,601800,176200,601800,251300,401500,,,
Humanitas University,Italy,251300,151175,,,,,,,,,
Hunan University,"Changsha, China",251300,401500,251300,251300,151175,301400,201250,501600,,,
King Khalid University,"Abha, Saudi Arabia",251300,301400,251300,126150,126150,301400,176200,401500,,,
King Saud University,"Riyadh, Saudi Arabia",251300,401500,401500,151175,176200,251300,151175,176200,151175,401500,401500
Kyung Hee University,"Seoul, South Korea",251300,301400,151175,251300,126150,301400,176200,501600,251300,301400,
La Trobe University,"Melbourne, Australia",251300,301400,201250,151175,251300,201250,176200,176200,301400,201250,201250
Lebanese American University,"Beirut, Lebanon",251300,101125,251300,126150,201250,201250,251300,,,,
LUT University,"Lappeenranta, Finland",251300,176200,301400,251300,201250,,,,,,
Macau University of Science and Technology,Macao SAR China,251300,201250,201250,151175,201250,,,,,,
Nankai University,"Nankai, China",251300,401500,251300,251300,251300,151175,201250,101125,301400,,
Northwestern Polytechnical University,"Xi'an, China",251300,301400,251300,176200,101125,201250,201250,301400,,,
RCSI University of Medicine and Health Sciences,"Dublin, Ireland",251300,201250,,,,,,,,,
RMIT University,"Melbourne, Australia",251300,176200,151175,301400,201250,126150,126150,251300,176200,251300,176200
Ruhr University Bochum,"Bochum, Germany",251300,201250,251300,126150,251300,301400,301400,301400,101125,301400,
Sejong University,South Korea,251300,151175,176200,176200,251300,201250,251300,,,,
Semmelweis University,"Budapest, Hungary",251300,201250,251300,,,,,,,,
Shandong University,"Jinan, China",251300,301400,401500,501600,251300,501600,401500,501600,,,
South China University of Technology,"Guangzhou, China",251300,401500,301400,301400,301400,151175,201250,251300,401500,,
Southeast University,"Nanjing, China",251300,301400,301400,301400,251300,92,201250,301400,401500,401500,
Southern Medical University,"Guangzhou City, China",251300,176200,,,,,,,,,
Swinburne University of Technology,"Hawthorn, Australia",251300,301400,176200,401500,151175,251300,176200,201250,151175,201250,201250
Technical University of Darmstadt,"Darmstadt, Germany",251300,73,201250,126150,401500,251300,,,,,
Ulm University,Germany,251300,151175,251300,201250,201250,301400,151175,,,,
Università Cattolica del Sacro Cuore,"MI, Italy",251300,301400,501600,176200,501600,201250,251300,8011000,251300,401500,
Università della Svizzera italiana,Switzerland,251300,301400,176200,251300,501600,,,,,,
University of Bath,"Bath, United Kingdom",251300,201250,101125,176200,301400,82,201250,251300,301400,91,151175
University of Bergen,Norway,251300,201250,201250,501600,176200,151175,251300,201250,176200,,
University of East Anglia,"Norwich, United Kingdom",251300,201250,251300,301400,201250,201250,201250,101125,251300,251300,201250
University of Hawai’i at Mānoa,"Honolulu, United States",251300,176200,401500,301400,601800,126150,501600,201250,126150,301400,251300
University of Konstanz,Germany,251300,151175,251300,251300,176200,401500,126150,93,,,
University of Luxembourg,"Esch-sur-Alzette, Luxembourg",251300,201250,251300,301400,151175,151175,176200,83,201250,251300,201250
University of Navarra,"NA, Spain",251300,251300,84,176200,401500,8011000,126150,301400,301400,201250,
University of Newcastle,"Callaghan, Australia",251300,251300,176200,201250,251300,176200,201250,201250,201250,301400,251300
University of Oulu,"Oulu, Finland",251300,301400,251300,301400,126150,201250,176200,301400,,,
University of Southern Denmark,"Odense M, Denmark",251300,201250,201250,176200,401500,201250,301400,301,201250,201250,176200
University of Stuttgart,"Stuttgart, Germany",251300,301400,126150,101125,251300,201250,,,,,
University of Tasmania,"Hobart, Australia",251300,401500,301400,301400,401500,201250,301400,126150,126150,251300,301400
Virginia Polytechnic Institute and State University,"Blacksburg, United States",251300,301400,176200,301400,101125,101125,84,251300,251300,176200,201250
Vita-Salute San Raffaele University,"MI, Italy",251300,126150,401500,,,,,,,,
Xiamen University,"Xiamen, China",251300,401500,151175,301400,201250,301400,201250,201250,201250,151175,401500
"Birkbeck, University of London","London, United Kingdom",301350,91,301400,87,201250,501600,601800,86,301400,,
"China Medical University, Taiwan","Taichung, Taiwan",301350,401500,401500,,,,,,,,
"City St George's, University of London","London, United Kingdom",301350,,,,,,,,,,
Dublin City University,"Glasnevin, Ireland",301350,201250,201250,401500,301400,151175,301400,401500,501600,176200,126150
École Normale Supérieure de Lyon,"BP 7000 69342, France",301350,201250,201250,301400,201250,126150,501600,,,,
Flinders University,"Bedford Park, Australia",301350,301400,201250,401500,251300,301400,201250,301400,301400,151175,251300
Florida State University,"Tallahassee, United States",301350,301400,301400,401500,501600,66,251300,151175,301400,201250,126150
Hasselt University,"Hasselt, Belgium",301350,401500,201250,401500,501600,201250,601800,,,,
Illinois Institute of Technology,"Chicago, United States",301350,301400,301400,251300,601800,401500,,,,,
Johannes Gutenberg University of Mainz,"Mainz, Germany",301350,201250,251300,301400,251300,176200,251300,301400,,,
Koç University,"Sariyer, Türkiye",301350,251300,301400,301400,201250,401500,301400,201250,,,
Kyushu University,"Fukuoka, Japan",301350,301400,301400,251300,301400,251300,126150,151175,301400,301400,301400
Lingnan University Hong Kong,"Tuen Mun, Hong Kong SAR China",301350,,,,,,,,,,
Loughborough University,"Loughborough, United Kingdom",301350,176200,151175,201250,201250,301400,301400,176200,101125,,
North Carolina State University,"Raleigh, United States",301350,301400,251300,301400,151175,126150,101125,176200,176200,201250,251300
Norwegian University of Science and Technology,"Trondheim, Norway",301350,201250,251300,301400,176200,251300,101125,176200,251300,251300,201250
Prince Mohammad Bin Fahd University,"Al Khobar, Saudi Arabia",301350,151175,151175,,,,,,,,
Queen’s University,"Kingston, Canada",301350,301400,301400,126150,301400,201250,401500,101125,301400,401500,151175
Rutgers University–New Brunswick,"New Brunswick, United States",301350,100,401500,301400,176200,301400,251300,251300,251300,301400,
Simon Fraser University,"Burnaby, Canada",301350,201250,251300,126150,101125,301400,301400,301400,151175,126150,
Stellenbosch University,"Stellenbosch, South Africa",301350,251300,501600,176200,501600,151175,501600,126150,301400,501600,401500
Stony Brook University,"Stony Brook, United States",301350,201250,301400,401500,101125,201250,201250,251300,84,126150,301400
Sunway University,"Selangor, Malaysia",301350,251300,501600,401500,251300,401500,301400,301400,,,
Swansea University,"Swansea, United Kingdom",301350,401500,176200,301400,201250,176200,301400,101125,201250,251300,301400
Tampere University,"Tampere, Finland",301350,201250,251300,251300,251300,151175,301400,301400,501600,251300,201250
Technion Israel Institute of Technology,"Haifa, Israel",301350,301400,251300,101125,251300,251300,251300,401500,,,
Tilburg University,Netherlands,301350,176200,44,501600,401500,201250,32,62,176200,,
TU Wien,Austria,301350,301400,79,126150,251300,,,,,,
Universiti Kebangsaan Malaysia,"Bangi, Malaysia",301350,201250,301400,301400,301400,251300,201250,101125,601800,401500,401500
University at Buffalo,"Buffalo, United States",301350,301400,401500,201250,151175,126150,201250,251300,301400,301400,201250
University of Bayreuth,"Bayreuth, Germany",301350,251300,151175,401500,251300,251300,301400,401500,,,
University of Bremen,"Bremen, Germany",301350,251300,301400,401500,401500,151175,151175,251300,301400,151175,
"University of California, Riverside","Riverside, United States",301350,251300,401500,401500,126150,301400,151175,176200,151175,151175,251300
University of Duisburg-Essen,"Essen, Germany",301350,301400,301400,201250,301400,176200,301400,401500,201250,,
University of Dundee,"Dundee, United Kingdom",301350,401500,401500,176200,201250,501600,201250,101125,301400,301400,
University of Electronic Science and Technology of China,"Chengdu, China",301350,101125,151175,201250,,,,,,,
University of Essex,"Colchester, United Kingdom",301350,251300,151175,501600,201250,87,301400,126150,93,,
University of Hohenheim,"Stuttgart, Germany",301350,251300,201250,301400,,,,,,,
University of Innsbruck,"Innsbruck, Austria",301350,201250,201250,301400,301400,301400,401500,251300,301400,201250,301400
University of Iowa,"Iowa City, United States",301350,301400,401500,101125,301400,126150,401500,201250,251300,301400,92
Universite de Liege,"Liege, Belgium",301350,201250,301400,201250,301400,401500,301400,201250,251300,201250,201250
University of Milan,Italy,301350,251300,501600,126150,601800,201250,251300,401500,501600,,
University of Naples Federico II,Italy,301350,301400,401500,201250,301400,301400,301,251300,301400,251300,301400
University of Rome II – Tor Vergata,"Rome, Italy",301350,301400,251300,201250,301400,251300,301400,201250,,,
University of Sharjah,"SH, United Arab Emirates",301350,301400,201250,251300,201250,201250,201250,251300,,,
University of Tartu,"Tartu, Estonia",301350,176200,301400,301400,301400,301400,301400,251300,176200,301400,251300
University of the Witwatersrand,"Johannesburg, South Africa",301350,201250,301400,176200,601800,201250,501600,201250,301400,501600,301400
University of Turku,"Turku, Finland",301350,251300,301400,201250,401500,201250,251300,251300,501600,151175,201250
University of Victoria,"Victoria, Canada",301350,301400,401500,251300,201250,301400,251300,126150,201250,151175,201250
Western Sydney University,"Penrith, Australia",301350,251300,301400,201250,401500,176200,301400,251300,201250,301400,301400
Amirkabir University of Technology,"Tehran, Iran",351400,251300,251300,301400,401500,,,,,,
Autonomous University of Madrid,"de Cantoblanco, Spain",351400,151175,501600,201250,501600,151175,301400,151175,301400,251300,201250
Chongqing University,China,351400,601,201250,401500,151175,301400,301400,401500,,,
Daegu Gyeongbuk Institute of Science and Technology (DGIST),"Dalseong-Gun, South Korea",351400,401500,201250,501600,401500,,,,,,
Dalhousie University,Canada,351400,401500,301400,201250,401500,401500,89,251300,301400,176200,301400
Edith Cowan University,"Joondalup, Australia",351400,501600,251300,301400,401500,201250,201250,301400,301400,301400,
Hokkaido University,"Sapporo, Japan",351400,401500,251300,601800,201250,151175,301400,501,301400,,
James Cook University,"Townsville City, Australia",351400,301400,301400,401500,501600,151175,301400,401500,251300,,
Justus Liebig University Giessen,"Giessen, Germany",351400,251300,201250,251300,301400,401500,201250,301400,,,
Kermanshah University of Medical Sciences,"Kermanshah, Iran",351400,301400,401500,,,,,,,,
King Abdulaziz University,"Jeddah, Saudi Arabia",351400,401500,301400,201250,201250,201250,151175,251300,201250,401500,301400
Leibniz University Hannover,"Hannover, Germany",351400,301400,301400,251300,301400,201250,301400,251300,301400,,
Middle East Technical University,"Cankaya, Türkiye",351400,201250,251300,251300,89,251300,301400,401500,251300,176200,
Mohammed VI Polytechnic University,"Ben Guerir, Morocco",351400,601800,301400,301400,401500,601800,,,,,
Oregon Health and Science University,"Portland, United States",351400,151175,,,,,,,,,
Prince Sultan University (PSU),"Riyadh, Saudi Arabia",351400,401500,301400,251300,,,,,,,
Sabanci University,"Tuzla, Türkiye",351400,301400,401500,301400,401500,201250,,,,,
SIMATS - Saveetha Institute of Medical And Technical Sciences,"Chennai, India",351400,251300,501600,401500,201,,,,,,
Sharif University of Technology,"Tehran, Iran",351400,301400,151175,151175,301400,,,,,,
Shenzhen University,"Shenzhen, China",351400,501600,401500,251300,201250,401500,251300,251300,201250,301400,301400
Swedish University of Agricultural Sciences,"SE-750 07, Sweden",351400,401500,126150,301400,,,,,,,
Université Grenoble Alpes,"Saint-Martin-d'Heres, France",351400,251300,601800,301400,176200,251300,201250,301400,126150,301400,501600
Universiti Brunei Darussalam,"Gadong, Brunei",351400,401500,601800,251300,301400,501600,601800,301400,,,
University College Cork,"Cork, Ireland",351400,301400,501600,201250,501600,401500,401500,201250,201250,401500,201250
University of Brescia,"15, Italy",351400,601800,201250,601800,301,,,,,,
University of Campinas,"Sao Paulo, Brazil",351400,126150,301400,251300,301400,126150,401500,201250,401500,251300,
University of Colorado Denver/Anschutz Medical Campus,"Denver, United States",351400,601,601800,126150,601800,251300,601800,8011000,251300,301400,
University of Connecticut,"Storrs, United States",351400,176200,401500,301400,501600,176200,301400,151175,201250,301400,101125
University of Florence,"Florence, Italy",351400,201250,501600,251300,401500,501600,401500,201250,301400,301400,251300
University of Galway,"Galway, Ireland",351400,251300,301400,251300,251300,251300,251300,151175,301400,401500,301400
University of Georgia (USA),"Athens, United States",351400,301400,126150,301400,301400,74,401500,201250,201250,501600,151175
University of Johannesburg,"Johannesburg, South Africa",351400,301400,176200,501600,401500,151175,301400,151175,301400,301400,301400
University of Kansas,"Lawrence, United States",351400,251300,601800,251300,501600,126150,501600,201250,301400,301400,176200
Christian-Albrechts-Universitat zu Kiel,"Kiel, Germany",351400,201250,401500,176200,8011000,301400,401500,201250,301400,501600,401500
University of Otago,"North Dunedin, New Zealand",351400,201250,251300,201250,401500,251300,176200,251300,501600,126150,201250
University of Pavia,"Pavia, Italy",351400,401500,301400,201250,401500,301400,301,401500,401500,251300,401500
University of Pisa,Italy,351400,176200,501600,251300,251300,401500,301,301400,251300,501600,
University of Saskatchewan,"Saskatoon, Canada",351400,401500,501600,301400,301400,201250,201250,251300,301400,201250,301400
University of Siena,"SI, Italy",351400,251300,401500,301400,401500,501600,201250,301400,501600,401500,
University of Southern Queensland,"Toowoomba, Australia",351400,401500,301400,401500,301400,301400,251300,201250,201250,401500,301400
University of South Florida,"Tampa, United States",351400,401500,251300,301400,401500,201250,201250,251300,301400,201250,201250
University of St Gallen,"St Gallen, Switzerland",351400,74,301400,176200,301400,,,,,,
University of Strathclyde,"Glasgow, United Kingdom",351400,301400,176200,251300,301400,301400,176200,176200,301400,301400,201250
University of Trento,"TN, Italy",351400,251300,301400,176200,301400,151175,301400,251300,176200,251300,
University of Tsukuba,"Tsukuba, Japan",351400,401500,251300,501600,201250,401500,251300,301400,401500,251300,
Verona University,"VR, Italy",351400,601,601800,201250,601800,401500,301,301400,8011000,401500,
Ajman University,United Arab Emirates,401500,401500,301400,301400,88,301400,601800,,,,
Ajou University,South Korea,401500,601800,251300,601800,401500,401500,8011000,601800,,,
Al-Ahliyya Amman University,"Amman, Jordan",401500,401500,601800,401500,,,,,,,
Al Ain University,"Al Ain, United Arab Emirates",401500,201250,401500,201250,201250,201250,,,,,
Applied Science Private University,"Shafa Badran, Jordan",401500,401500,601800,501600,401500,,,,,,
Arabian Gulf University,"Manama, Bahrain",401500,401500,,,,,,,,,
"Asia University, Taiwan","Taichung City, Taiwan",401500,176200,401500,201250,601800,401500,,,,,
Aston University,"Birmingham, United Kingdom",401500,301400,176200,251300,301400,301400,501600,201250,201250,,
Australian Catholic University,"Sydney, Australia",401500,251300,251300,151175,201250,126150,401500,,,,
Beijing University of Chemical Technology,China,401500,601800,8011000,201250,251300,,,,,,
Boğaziçi University,"Istanbul, Türkiye",401500,401500,301400,401500,151175,401500,501600,401500,251300,,
Bond University,"Robina, Australia",401500,401500,251300,401500,601800,,,,,,
Bournemouth University,"Poole, United Kingdom",401500,251300,201250,301400,601800,601800,401500,301400,,,
Brandeis University,"Waltham, United States",401500,301400,501600,201250,301400,501600,,,,,
Brunel University of London,"Uxbridge, United Kingdom",401500,251300,251300,401500,201250,251300,201250,251300,401500,251300,251300
Central Queensland University,"North Rockhampton, Australia",401500,401500,401500,601800,401500,501600,301400,601800,301400,501600,
Charles Darwin University,"Brinkin, Australia",401500,401500,501600,301400,401500,251300,301400,301400,151175,,
Charles University,"Prague 1, Czechia",401500,151175,176200,301400,401500,401500,201250,301400,401500,301400,301400
Chung-Ang University,"Dongjak-gu, South Korea",401500,301400,301400,401500,301400,201250,251300,301400,401500,251300,301400
Colorado School of Mines,"Golden, United States",401500,501600,201250,201250,601800,,,,,,
Dalian University of Technology,"Dalian City, China",401500,601,251300,601800,251300,201250,401500,401500,301400,,
Donghua University,"Shanghai, China",401500,401500,501600,251300,301400,8011000,,,,,
Drexel University,"Philadelphia, United States",401500,601,301400,301400,601800,301400,201250,201250,301400,251300,151175
Florida International University,"Miami, United States",401500,601,401500,401500,301400,176200,251300,176200,301400,401500,251300
Free University of Bozen-Bolzano,"Bolzano, Italy",401500,401500,151175,301400,501600,301400,301400,,,,
George Mason University,"Fairfax, United States",401500,401500,301400,301400,301400,301400,301400,72,401500,401500,201250
Gwangju Institute of Science and Technology (GIST),"Buk-gu, South Korea",401500,301400,301400,301400,501600,,,,,,
Heriot-Watt University,"Edinburgh, United Kingdom",401500,251300,251300,301400,201250,401500,301400,251300,,,
IMT Atlantique,"Nantes, France",401500,301400,201250,301400,,,,,,,
Institut Agro,"Paris, France",401500,401500,601800,251300,501600,401500,,,,,
Iowa State University,"Ames, United States",401500,401500,301400,501600,201250,201250,251300,126150,201250,301400,176200
Iran University of Science and Technology,"Tehran, Iran",401500,401500,301400,251300,301400,,,,,,
Jamia Millia Islamia,"New Delhi, India",401500,501600,401500,301400,401500,301400,301400,601800,,,
Johannes Kepler University of Linz,"Linz, Austria",401500,201250,176200,201250,301400,501600,201250,301400,,,
Leuphana University of Lüneburg,"Luneburg, Germany",401500,251300,401500,601800,401500,201250,201250,,,,
Marche Polytechnic University,"AN, Italy",401500,501600,401500,601800,401500,,,,,,
Montpellier University,"Montpellier, France",401500,251300,251300,501600,601,401500,126150,301400,,,
Murdoch University,"Perth, Australia",401500,251300,501600,251300,401500,201250,251300,251300,401500,301400,301400
National and Kapodistrian University of Athens,"106 79 Athens, Greece",401500,301400,601,301400,501600,401500,601800,301,401500,601800,301400
National Taiwan University of Science and Technology (Taiwan Tech),"TPE, Taiwan",401500,401500,301400,75,301400,,,,,,
National Tsing Hua University,"Hsinchu, Taiwan",401500,501600,251300,501600,201250,301400,151175,301400,251300,501600,501600
National Yang Ming Chiao Tung University (NYCU Taiwan),"Hsinchu City, Taiwan",401500,401500,501600,251300,201250,176200,201250,401500,501600,401500,
Nazarbayev University,"Astana City, Kazakhstan",401500,401500,601800,401500,501600,176200,401500,601800,601800,401500,
Near East University,"Nicosia, Northern Cyprus",401500,8011000,251300,301400,301400,601800,201250,501600,,,
Northumbria University,"Newcastle upon Tyne, United Kingdom",401500,301400,301400,501600,301400,301400,251300,201250,401500,301400,301400
Polytechnic University of Turin,"TO, Italy",401500,301400,176200,,,,,,,,
Pontificia Universidad Católica de Chile,Chile,401500,201250,401500,401500,501600,151175,601800,151175,301400,601800,301400
Prince Sattam Bin Abdulaziz University,Saudi Arabia,401500,501600,601800,401500,601,301400,401500,,,,
Princess Nourah bint Abdulrahman University,"Riyadh, Saudi Arabia",401500,401500,501600,401500,501600,251300,401500,,,,
Quaid-i-Azam University,"Islamabad, Pakistan",401500,401500,251300,501600,201250,251300,301400,501600,,,
Roskilde University,"Roskilde, Denmark",401500,401500,301400,8011000,201250,,,,,,
"Royal Holloway, University of London","Egham, United Kingdom",401500,201250,301400,301400,201250,251300,251300,151175,251300,,
Rush University,"Chicago, United States",401500,301400,,,,,,,,,
Saint Louis University,"St. Louis, United States",401500,501600,601800,301400,401500,8011000,201250,401500,8011000,301400,601800
Shoolini University of Biotechnology and Management Sciences,"Bajhol, India",401500,401500,401500,251300,201250,,,,,,
SOAS University of London,"London, United Kingdom",401500,82,201250,126150,101125,,,,,,
Southern Cross University,"East Lismore, Australia",401500,601800,601800,301400,251300,401500,251300,301400,,,
Syracuse University,"Syracuse, United States",401500,401500,251300,501600,401500,176200,501600,8011000,301400,301400,126150
Taipei Medical University,Taiwan,401500,251300,601800,,,,,,,,
Temple University,"Philadelphia, United States",401500,401500,176200,401500,251300,176200,301400,126150,251300,301400,301400
The University of Tennessee-Knoxville,"Knoxville, United States",401500,601,301400,501600,301400,126150,251300,401500,176200,401500,201250
Tulane University,"New Orleans, United States",401500,401500,501600,201250,8011000,401500,401500,601800,301400,501600,
Umeå University,"Umea, Sweden",401500,301400,501600,201250,501600,301400,601800,201250,401500,401500,301400
Umm Al-Qura University,"Mecca, Saudi Arabia",401500,501600,501600,401500,301400,301400,401500,601800,,,
Université Laval,Canada,401500,301400,301400,151175,301400,301400,301400,176200,201250,401500,151175
Universiti Sains Malaysia,"Penang, Malaysia",401500,301400,176200,401500,201250,151175,301400,401500,501600,251300,
Universiti Teknologi Malaysia,"Johor Bahru, Malaysia",401500,301400,201250,301400,176200,251300,401500,301400,251300,,
Universiti Utara Malaysia,Malaysia,401500,401,201250,601800,201250,176200,401500,301400,,,
University of Bordeaux,"Bordeaux, France",401500,176200,601800,201250,401500,401500,601800,201250,301400,401500,401500
"University of California, Merced","Merced, United States",401500,401500,501600,251300,401500,251300,301400,,,,
University of Canberra,"Bruce, Australia",401500,251300,401500,401500,251300,401500,301400,401500,251300,,
University of Central Florida,"Orlando, United States",401500,601,201250,301400,201250,151175,201250,126150,301400,301400,251300
University of Coimbra,"Coimbra, Portugal",401500,151175,301400,301400,501600,201250,401500,101125,301400,401500,201250
University of Cyprus,"Nicosia, Cyprus",401500,301400,601800,251300,501600,251300,401500,501600,301400,401500,
University of Delaware,"Newark, United States",401500,401500,401500,301400,251300,176200,176200,251300,251300,201250,401500
University of Eastern Finland,"Kuopio, Finland",401500,401500,501600,401500,401500,251300,176200,301400,401500,401500,301400
University of Fribourg,"Fribourg, Switzerland",401500,176200,401500,401500,601800,501600,301400,301400,301400,401500,
University of Genoa,"GE, Italy",401500,401500,501600,251300,401500,501600,401500,201250,401500,401500,401500
University of Greifswald,"Greifswald, Germany",401500,501600,301400,251300,601800,301400,601800,,,,
University of Guelph,Canada,401500,501600,501600,301400,301400,126150,301400,301400,401500,,
University of Houston,"Houston, United States",401500,501600,301400,401500,401500,251300,201250,301,601800,251300,201250
University of Jyväskylä,"Jyvaskylan, Finland",401500,251300,301400,401500,501600,126150,301400,601800,151175,201250,
University of Kent,"Kent, United Kingdom",401500,251300,251300,301400,401500,301400,101125,251300,601800,88,201250
University of Kentucky,"Lexington, United States",401500,401500,501600,251300,301400,301400,251300,251300,301400,501600,251300
University of Lisbon,"Lisbon, Portugal",401500,176200,301400,301400,401500,126150,301400,176200,301400,401500,301400
University of Marburg,"Marburg, Germany",401500,301400,301400,601800,501600,151175,8011000,251300,401500,,
University of Milan-Bicocca,"Milan, Italy",401500,601800,176200,401500,501600,401500,301,301400,301400,201250,401500
University of Nizwa,"Birkat Al Mawz, Oman",401500,,,,,,,,,,
University of Oregon,"Eugene, United States",401500,251300,501600,301400,301400,401500,401500,126150,251300,,
Universidade do Porto,"Porto, Portugal",401500,251300,401500,251300,301400,101125,301400,176200,301400,501600,301400
University of Portsmouth,"Portsmouth, United Kingdom",401500,401500,201250,401500,401500,301400,401500,151175,401500,251300,201250
University of Regensburg,"Regensburg, Germany",401500,401500,601,401500,401500,401500,251300,,,,
University of South Carolina-Columbia,"Columbia, United States",401500,401500,251300,301400,251300,301400,176200,501600,301400,301400,301400
University of Tehran,"Tehran, Iran",401500,401500,201250,201250,201250,201250,401500,301400,401500,301400,
University of Texas at Dallas,"Richardson, United States",401500,501600,401500,126150,401500,401500,251300,401500,301400,401500,401500
University of Turin,"Turin, Italy",401500,251300,301400,251300,501600,301400,151175,301400,301400,301400,401500
University of Vaasa,"Vaasa, Finland",401500,301400,401500,501600,,,,,,,
University of Waikato,"Hamilton, New Zealand",401500,301400,151175,501600,501600,301400,601800,301400,401500,301400,176200
Victoria University of Wellington,"Wellington, New Zealand",401500,251300,301400,401500,301400,126150,151175,501600,401500,201250,301400
Virginia Commonwealth University,"Richmond, United States",401500,601,601800,251300,501600,301400,501600,301400,8011000,201250,501600
Wake Forest University,"Winston Salem, United States",401500,501600,501600,301400,501600,601800,301400,601800,251300,501600,
Washington State University,"Pullman, United States",401500,401500,251300,301400,301400,301400,251300,251300,251300,201250,301400
York University,"Toronto, Canada",401500,251300,201250,301400,201250,176200,501600,63,401500,401500,126150
