Name,Geo,World University Rankings 2026,Arts and Humanities 2025,Business and Economics 2025,Medical and Health 2025,Computer Science 2025,Education Studies 2025,Engineering 2025,Law 2025,Life Sciences 2025,Physical Sciences 2025,Social Sciences 2025
Bartin University,"Bartin, Türkiye",10011200,401500,601800,,,,,,,,
Bayero University,"Kano State, Nigeria",10011200,8011000,10011250,1001,8011000,,,,,,
Beni-Suef University,"Bani Swei, Egypt",10011200,601800,501600,601800,601800,,,,,,
Birla Institute of Technology,"Ranchi, India",10011200,601800,601800,8011000,8011000,8011000,,,,,
BRAC University,"Dhaka, Bangladesh",10011200,501600,8011000,8011000,1001,601800,,,,,
Cardiff Metropolitan University,"Cardiff, United Kingdom",10011200,601800,601800,501600,,,,,,,
Central Michigan University,"Mount Pleasant, United States",10011200,801,501600,501600,1001,8011000,401500,8011000,,,
Central University of Haryana,"Mahendragarh, India",10011200,,,,,,,,,,
Central University of Jammu,"Samba, India",10011200,,,,,,,,,,
Chang’an University,"Xi'an, China",10011200,,,,,,,,,,
Changsha University of Science and Technology,"Changsha, China",10011200,601800,601800,601800,401500,8011000,,,,,
Chiang Mai University,"Chiang Mai, Thailand",10011200,601,801,601800,8011000,501600,601800,401500,8011000,601800,
Chiba University,"Chiba-shi, Japan",10011200,501600,601,10011250,501600,8011000,8011000,,,,
China Pharmaceutical University,"Nanjing, China",10011200,401500,501600,501600,,,,,,,
Chungbuk National University,"Cheongju-si, South Korea",10011200,601800,601800,8011000,601800,8011000,801,,,,
Chungnam National University,"Yuseong-gu, South Korea",10011200,601800,601800,601800,601800,8011000,601800,,,,
Clarkson University,"Potsdam, United States",10011200,8011000,501600,,,,,,,,
Cochin University of Science and Technology,India,10011200,8011000,10011250,8011000,1001,,,,,,
Covenant University,"Ota, Nigeria",10011200,601800,601800,8011000,8011000,601800,,,,,
CY Cergy Paris University,"Cergy Pontoise, France",10011200,301400,501600,601,501600,401500,,,,,
Damietta University,"DT, Egypt",10011200,601800,601800,,,,,,,,
Datta Meghe Institute of Higher Education & Research (Deemed to be University),"Wardha, India",10011200,601800,,,,,,,,,
Delta University for Science and Technology,"DK, Egypt",10011200,,,,,,,,,,
Dr B.R. Ambedkar National Institute of Technology Jalandhar,"Jalandhar, India",10011200,8011000,,,,,,,,,
Edge Hill University,"Ormskirk, United Kingdom",10011200,8011000,401500,501600,601800,,,,,,
European University of Madrid,"Villaviciosa de Odon, Spain",10011200,501600,8011000,501600,8011000,,,,,,
Firat University,"Elazig, Türkiye",10011200,8011000,501600,8011000,1001,501600,,,,,
Florida Agricultural and Mechanical University,"Tallahassee, United States",10011200,401500,8011000,8011000,1001,,,,,,
Florida Institute of Technology,"Melbourne, United States",10011200,8011000,501600,501600,,,,,,,
Fujian Agriculture and Forestry University,"Fujian, China",10011200,601800,501600,1001,8011000,501600,601800,8011000,,,
Fujita Health University,"Toyoake, Japan",10011200,601800,601800,,,,,,,,
Gdańsk University of Technology,"Gdansk, Poland",10011200,601800,8011000,601800,601800,8011000,,,,,
GLA University,"Mathura, India",10011200,801,8011000,501600,8011000,501600,,,,,
Gonabad University of Medical Sciences,"Gonabad, Iran",10011200,,,,,,,,,,
Hamadan University of Medical Sciences (UMSHA),"Hamedan, Iran",10011200,601800,601800,,,,,,,,
Hamamatsu University School of Medicine,"Hamamatsu City, Japan",10011200,601800,,,,,,,,,
Hangzhou Normal University,"Hangzhou, China",10011200,8011000,601800,501600,601800,601800,501600,8011000,,,
Hazara University Mansehra,"Mansehra, Pakistan",10011200,601800,501600,,,,,,,,
Imam Khomeini International University,"Qazvin, Iran",10011200,501600,601800,,,,,,,,
Indian Institute of Technology Gandhinagar,"Gandhinagar, India",10011200,601800,8011000,8011000,,,,,,,
Indian Institute of Technology Mandi,"Kamand, India",10011200,8011000,8011000,,,,,,,,
Indian Institute of Technology Ropar,"Rupnagar, India",10011200,8011000,8011000,,,,,,,,
Indraprastha Institute of Information Technology Delhi,"New Delhi, India",10011200,601800,8011000,,,,,,,,
Institute for Advanced Studies in Basic Sciences (IASBS),"Zanjan, Iran",10011200,,,,,,,,,,
Institute of Space Technology,"Islamabad, Pakistan",10011200,10011250,8011000,,,,,,,,
Islamic University of Madinah,"Madinah, Saudi Arabia",10011200,601800,601800,,,,,,,,
Istanbul Gelisim University,"Hakan Öner Street, Türkiye",10011200,601800,501600,,,,,,,,
İstinye University,"Topkapi, Türkiye",10011200,1001,401500,,,,,,,,
Izmir Institute of Technology,"Urla, Türkiye",10011200,1251,1001,,,,,,,,
Jadavpur University,"Kolkata, India",10011200,601,8011000,8011000,,,,,,,
Jashore University of Science and Technology,"Jashore District, Bangladesh",10011200,601800,601800,,,,,,,,
Jaume I University,"CS, Spain",10011200,401500,601800,601800,8011000,401500,8011000,301,8011000,401500,501600
Jawaharlal Nehru Technological University Anantapur (JNTUA),"AP, India",10011200,601800,,,,,,,,,
Jaypee University of Information Technology,"Distt. Solan, India",10011200,601800,601800,,,,,,,,
Jiangsu University of Science and Technology,"Zhenjiang, China",10011200,,,,,,,,,,
Kalasalingam Academy of Research and Education,"Krishnankoil, India",10011200,501600,601800,501600,,,,,,,
Kanazawa University,"Kanazawa, Japan",10011200,501600,8011000,10011250,601800,8011000,,,,,
Kaunas University of Technology,Lithuania,10011200,501600,8011000,8011000,1001,601800,,,,,
Khulna University of Engineering and Technology (KUET),"Khulna, Bangladesh",10011200,8011000,,,,,,,,,
Kore University of Enna,"Enna, Italy",10011200,501600,501600,,,,,,,,
Kumamoto University,"Kumamoto, Japan",10011200,401500,10011250,501600,1001,,,,,,
Kyoto Prefectural University of Medicine,"Kyoto, Japan",10011200,601800,,,,,,,,,
Lakehead University,Canada,10011200,601800,601800,501600,501600,601800,601800,501600,8011000,,
Landmark University,"Omu Aran, Nigeria",10011200,601800,8011000,501600,,,,,,,
Lithuanian University of Health Sciences,"Kaunas, Lithuania",10011200,601800,601800,,,,,,,,
Mae Fah Luang University,"Thasud, Thailand",10011200,8011000,301400,,,,,,,,
"Maulana Abul Kalam Azad University of Technology, West Bengal","Nadia, India",10011200,,,,,,,,,,
Medical University of Gdańsk,"Gdansk, Poland",10011200,601800,,,,,,,,,
Medical University of Warsaw,"Warsaw, Poland",10011200,601800,,,,,,,,,
Ming Chi University of Technology,"TPQ, Taiwan",10011200,601800,8011000,,,,,,,,
Minia University,"El-Minia, Egypt",10011200,8011000,501600,501600,8011000,501600,,,,,
Montana State University,"Bozeman, United States",10011200,801,601800,501600,10011250,601800,501600,501600,601800,,
Multimedia University,"Cyberjaya, Malaysia",10011200,601800,601800,601800,,,,,,,
National Central University,"Taoyuan City, Taiwan",10011200,501,601800,601800,8011000,8011000,8011000,,,,
"National Institute of Technology, Raipur","Raipur, India",10011200,8011000,,,,,,,,,
New Valley University,"El Kharga, Egypt",10011200,601800,,,,,,,,,
Nguyen Tat Thanh University,"Ho Chi Minh, Vietnam",10011200,,,,,,,,,,
Nippon Medical School,"Tokyo, Japan",10011200,601800,,,,,,,,,
Northwest University (China),"Xi’an, China",10011200,601,801,8011000,501600,601800,8011000,8011000,,,
Nova Southeastern University,"Fort Lauderdale, United States",10011200,801,8011000,601,601800,501600,,,,,
Okayama University,"Okayama, Japan",10011200,501600,601,10011250,401500,1001,,,,,
O.P. Jindal Global University,"Haryana, India",10011200,,,,,,,,,,
Palacký University Olomouc,"Olomouc, Czechia",10011200,501600,601800,8011000,601,501600,301,501600,8011000,501600,601800
PMAS Arid Agriculture University Rawalpindi,"Rawalpindi, Pakistan",10011200,501600,601800,501600,,,,,,,
Pontifical Catholic University of Rio Grande do Sul (PUCRS),"Porto Alegre, Brazil",10011200,601800,601800,8011000,401500,10011250,301,601800,8011000,601,8011000
Riga Technical University,"Riga, Latvia",10011200,601800,8011000,8011000,8011000,,,,,,
Riphah International University,"Islamabad, Pakistan",10011200,8011000,601800,501600,601800,501600,,,,,
San Diego State University,"San Diego, United States",10011200,601,601800,401500,601800,301400,8011000,501600,8011000,301400,601800
Selçuk University,"Istanbul, Türkiye",10011200,8011000,601800,601800,1001,8011000,,,,,
Semnan University,"Semnan, Iran",10011200,8011000,8011000,,,,,,,,
Shanghai Normal University,"Shanghai, China",10011200,801,1001,401500,601800,501600,8011000,501600,601800,,
Shantou University,"Shantou, China",10011200,601800,601800,601800,601800,501600,601800,601800,,,
Shaqra University,"Shaqra, Saudi Arabia",10011200,,,,,,,,,,
Silesian University of Technology,"Gliwice, Poland",10011200,501600,601800,8011000,601800,,,,,,
South Dakota Mines,"Rapid City, United States",10011200,,,,,,,,,,
SRM Institute of Science and Technology,"Tamil Nadu, India",10011200,801,601800,601800,601800,601800,,,,,
Suez University,"Suez, Egypt",10011200,601800,601800,,,,,,,,
Sumy State University,"Sumy, Ukraine",10011200,501600,601800,601800,601800,401500,,,,,
Taibah University,"Al Madinah, Saudi Arabia",10011200,601800,601800,501600,601800,601800,,,,,
Taiz University,"Taiz, Yemen",10011200,,,,,,,,,,
Tallinn University,"Tallinn, Estonia",10011200,401500,401500,401500,601800,,,,,,
Tanta University,"Tanta, Egypt",10011200,8011000,601800,601800,601800,601800,8011000,,,,
Tashkent State Technical University,"Tashkent City, Uzbekistan",10011200,,,,,,,,,,
Technical University of Madrid,Spain,10011200,401500,501600,601800,501600,,,,,,
Technische Universität Ilmenau,"Ilmenau, Germany",10011200,501600,601800,8011000,,,,,,,
The Hashemite University,"Zarqa, Jordan",10011200,601800,8011000,501600,501600,8011000,8011000,,,,
The New School,"New York, United States",10011200,501600,301400,251300,,,,,,,
The University of Haripur,"Khyber Pakhtunkhwa, Pakistan",10011200,,,,,,,,,,
Tishk International University,"Erbil, Iraq",10011200,,,,,,,,,,
Tokyo Medical University,"Tokyo, Japan",10011200,601800,,,,,,,,,
TU Bergakademie Freiberg,"Freiberg, Germany",10011200,,,,,,,,,,
Universidade Federal de Santa Catarina,"Trindade, Brazil",10011200,401500,501600,601800,8011000,401500,601800,251300,601800,8011000,601
Universidad Peruana Cayetano Heredia,"San Martín de Porres- Lima, Peru",10011200,601800,1001,,,,,,,,
Universitas Sebelas Maret,"Jawa Tengah, Indonesia",10011200,601800,1001,1001,501600,10011250,201250,1001,8011000,601800,
Universitat Internacional de Catalunya,"Barcelona, Spain",10011200,601800,601800,,,,,,,,
University of Burgundy,"Dijon, France",10011200,,,,,,,,,,
Universiti Malaysia Sarawak (UNIMAS),"Kota Samarahan, Malaysia",10011200,501600,8011000,8011000,10011250,8011000,601800,,,,
Universiti Malaysia Terengganu (UMT),"11, Malaysia",10011200,501600,8011000,601800,8011000,601800,8011000,,,,
Universiti Sultan Zainal Abidin,"Terengganu Darul Iman, Malaysia",10011200,601800,601800,1001,8011000,,,,,,
Universiti Tunku Abdul Rahman (UTAR),"Kampar, Malaysia",10011200,601800,601800,8011000,301400,8011000,8011000,8011000,601800,,
University of Algarve,"Faro, Portugal",10011200,501600,601800,601800,10011250,601800,8011000,601,501600,,
University of Alicante,"San Vicente del Raspeig, Spain",10011200,401500,601800,8011000,8011000,301400,601800,251300,501600,8011000,601800
University of Almería,"Almeria, Spain",10011200,601,601800,601800,8011000,401500,10011250,301,501600,1001,501600
University of Angers,France,10011200,601800,601800,8011000,,,,,,,
University of Bahrain,"Sakheer, Bahrain",10011200,,,,,,,,,,
University of Bedfordshire,"Luton, United Kingdom",10011200,501600,501600,,,,,,,,
University of Belgrade,"Belgrade, Serbia",10011200,501600,601800,401500,801,401500,1001,251,601800,1001,401500
University of Bisha,"Bisha, Saudi Arabia",10011200,601800,601800,,,,,,,,
University of Botswana,"Gaborone, Botswana",10011200,801,501600,601800,1001,8011000,,,,,
University of Bucharest,Romania,10011200,501600,601,8011000,601,8011000,1001,501600,8011000,,
University of Camerino (Unicam),"Camerino MC, Italy",10011200,601800,501600,601800,,,,,,,
University of Campania Luigi Vanvitelli,"CE, Italy",10011200,601,801,401500,8011000,301,601800,8011000,401500,8011000,
University of Castilla-La Mancha,"Ciudad Real, Spain",10011200,401500,401500,601800,8011000,501600,8011000,251300,501600,601800,601800
University of Chile,"Santiago de Chile, Chile",10011200,501600,501600,601800,501600,401500,8011000,251300,601800,501600,401500
University of Clermont Auvergne,"Clermont Ferrand, France",10011200,601,601800,501600,8011000,8011000,601800,601800,301400,8011000,
University of Colombo,"Colombo, Sri Lanka",10011200,501600,8011000,1001,1001,,,,,,
University of East London,"London, United Kingdom",10011200,801,601800,501600,301400,601800,,,,,
"University of Education, Lahore","Lahore, Pakistan",10011200,601800,601800,,,,,,,,
"University of Engineering and Technology, Peshawar","Peshawar, Pakistan",10011200,601800,8011000,,,,,,,,
University of Ghana,"Legon, Ghana",10011200,501600,401500,601800,501600,10011250,251300,8011000,1001,401500,401500
University of Girona,"Girona, Spain",10011200,501600,601800,601800,8011000,401500,601800,301,501600,601800,401500
University of Gloucestershire,"Cheltenham, United Kingdom",10011200,8011000,,,,,,,,,
University of Hafr Al Batin,"Hafar al-Batin, Saudi Arabia",10011200,,,,,,,,,,
University of Hradec Králové,"Hradec Králové, Czechia",10011200,601,601800,601,501600,8011000,,,,,
University of Hyderabad,"Hyderabad, India",10011200,,,,,,,,,,
University of Kashan,"Kashan, Iran",10011200,401500,601800,,,,,,,,
University of Kurdistan,"Sanandaj, Iran",10011200,8011000,601800,601800,,,,,,,
University of la Costa,"Barranquilla, Colombia",10011200,8011000,10011250,,,,,,,,
University of La Laguna,"GC, Spain",10011200,601,801,8011000,8011000,601,10011250,601800,401500,601,8011000
University of Lancashire,"Preston, United Kingdom",10011200,501600,601800,601800,401500,301,601800,501600,401500,601800,
University of Latvia,"Riga, Latvia",10011200,501600,501600,8011000,501600,601800,8011000,601800,,,
University of Medicine and Pharmacy of Craiova,"Craiova, Romania",10011200,8011000,,,,,,,,,
University of Memphis,"Memphis, United States",10011200,401500,601800,8011000,501600,401500,601800,601800,8011000,301400,601800
University of Mohaghegh Ardabili,"Ardabil, Iran",10011200,601800,601800,601800,,,,,,,
University of Murcia,"Murcia, Spain",10011200,401500,601800,601800,601800,401500,301,601800,1001,501600,601800
University of Okara,"Okara, Pakistan",10011200,,,,,,,,,,
University of Oviedo,"O, Spain",10011200,501600,601800,601800,8011000,401500,10011250,301,301400,8011000,301400
University of Pécs,"Pecs, Hungary",10011200,801,401500,1251,8011000,1001,501600,8011000,,,
University of Peshawar,"Peshawar, Pakistan",10011200,601800,501600,601800,,,,,,,
University of Piraeus,"Piraeus, Greece",10011200,,,,,,,,,,
University of Rajshahi,"Rajshahi, Bangladesh",10011200,8011000,601800,8011000,8011000,8011000,,,,,
University of Sadat City,"Madinat As Sadat, Egypt",10011200,601800,601800,,,,,,,,
University of Sannio,"Benevento, Italy",10011200,801,601800,,,,,,,,
University of Savoie Mont Blanc,"Chambery, France",10011200,501600,801,1001,8011000,401500,501600,501600,,,
University of Seoul,"Dongdaemun-gu, South Korea",10011200,801,601800,501600,601800,,,,,,
University of South Bohemia in České Budějovice,"České Budějovice, Czechia",10011200,601,8011000,601,401500,501600,1001,,,,
University of South Dakota,"Vermillion, United States",10011200,8011000,1001,601800,601,,,,,,
University of Sulaimani,"Sulaymaniyah, Iraq",10011200,8011000,601800,1001,601800,,,,,,
University of Szeged,"Szeged, Hungary",10011200,601,801,501600,8011000,501600,8011000,301,601800,8011000,501600
University of Tarapacá,"Arica, Chile",10011200,601,601,501600,8011000,,,,,,
"University of Technology, Iraq","Baghdad, Iraq",10011200,8011000,10011250,601800,,,,,,,
University of Texas at El Paso,"El Paso, United States",10011200,601,601800,601800,601800,501600,601800,601800,8011000,401500,8011000
University of the Aegean,"Mytilene, Greece",10011200,601800,601800,501600,10011250,8011000,601800,,,,
"University of the Andes, Colombia","Bogata, Colombia",10011200,501600,601800,8011000,8011000,301400,10011250,201250,8011000,401500,401500
University of the Free State,"Bloemfontein, South Africa",10011200,501600,801,8011000,501600,301,601800,8011000,501600,601800,
University of the South Pacific,"Suva, Fiji",10011200,601800,8011000,501600,,,,,,,
University of Thessaly,"Volos, Greece",10011200,601800,601800,8011000,601,10011250,601800,,,,
University of Tours,"37020 Tours cedex 1, France",10011200,501600,501600,1001,10011250,601800,1001,601,8011000,,
University of Zaragoza,"Z, Spain",10011200,401500,501600,601800,501600,501600,8011000,301,601800,8011000,301400
Veltech University,"Chennai, India",10011200,10011250,,,,,,,,,
Yokohama City University,"Yokohama, Japan",10011200,401500,601800,1001,,,,,,,
York St John University,"York, United Kingdom",10011200,,,,,,,,,,
Zagazig University,"Zagazig 2, Egypt",10011200,8011000,501600,501600,401500,501600,601800,,,,
ZHAW Zurich University of Applied Sciences,"Winterthur, Switzerland",10011200,601800,8011000,8011000,601800,501600,401500,,,,
Adolfo Ibáñez University,"Penalolen, Chile",12011500,601,801,301,8011000,401500,601,,,,
Ahmadu Bello University,"Zaria, Nigeria",12011500,601800,1251,1001,1001,8011000,,,,,
Aichi Medical University,"Nagakute, Japan",12011500,8011000,,,,,,,,,
Akdeniz University,"07, Türkiye",12011500,601,801,8011000,601,501600,8011000,601800,1001,,
Al-Baha University,"Al Bahah, Saudi Arabia",12011500,601800,601800,601800,601800,,,,,,
Al-Farabi Kazakh National University,"al-Farabi Ave, Kazakhstan",12011500,501600,601800,601800,1001,501600,10011250,8011000,1001,601800,
Al-Hussein Bin Talal University,"Maan, Jordan",12011500,,,,,,,,,,
American International University – Bangladesh,"Khilkhet, Bangladesh",12011500,8011000,8011000,,,,,,,,
"Amity University, Gurugram","Haryana, India",12011500,601800,1001,,,,,,,,
Ankara University,"Besevler, Türkiye",12011500,601,801,8011000,501600,10011250,8011000,1001,601,8011000,
Ariel University,"Ariel, Israel",12011500,501600,801,601800,1001,401500,1251,1001,401500,8011000,
Assiut University,"Assiut, Egypt",12011500,8011000,601800,601800,601800,601800,8011000,,,,
Austral University,"Pilar, Argentina",12011500,601800,,,,,,,,,
Autonomous University of Sinaloa,"Espinoza de los Monteros, Mexico",12011500,1001,1001,,,,,,,,
Azarbaijan Shahid Madani University,"Tabriz, Iran",12011500,8011000,601800,,,,,,,,
Babeş-Bolyai University,"Cluj-Napoca, Romania",12011500,501600,601800,8011000,601,601800,1001,1001,401500,601800,
Banasthali University,"Rajasthan, India",12011500,601800,8011000,1001,,,,,,,
Benha University,"Benha, Egypt",12011500,8011000,401500,601800,501600,601800,,,,,
Bharathidasan University,"Tiruchirappalli, India",12011500,601800,8011000,,,,,,,,
BINUS University,"Jakarta, Indonesia",12011500,601800,8011000,10011250,601800,,,,,,
Biruni University,"Istanbul, Türkiye",12011500,,,,,,,,,,
Botswana International University of Science and Technology (BIUST),"Boseja, Botswana",12011500,10011250,1001,,,,,,,,
Brno University of Technology,"Brno, Czechia",12011500,501600,501600,8011000,,,,,,,
Brock University,"Saint Catharines, Canada",12011500,,,,,,,,,,
Bu-Ali Sina University,"Hamadan, Iran",12011500,8011000,8011000,8011000,,,,,,,
Budapest University of Technology and Economics,"Budapest, Hungary",12011500,601,801,601800,8011000,8011000,601800,,,,
Canterbury Christ Church University,"Canterbury, United Kingdom",12011500,601800,601,501600,8011000,,,,,,
Changzhou University,China,12011500,8011000,8011000,601800,601800,,,,,,
Chaoyang University of Technology,"Taichung, Taiwan",12011500,601800,8011000,10011250,,,,,,,
Chaudhary Charan Singh University - Meerut,"Meerut, India",12011500,,,,,,,,,,
Chittagong University of Engineering & Technology,"Chittagong, Bangladesh",12011500,601800,8011000,601800,,,,,,,
Chung Yuan Christian University,"Taoyuan City, Taiwan",12011500,601800,8011000,601800,8011000,,,,,,
Comenius University Bratislava,Slovakia,12011500,501600,601800,8011000,8011000,601,301,8011000,8011000,501600,601800
Czech Technical University in Prague,"6 Dejvice, Czechia",12011500,801,1001,501600,8011000,601,8011000,,,,
Damanhour University,"Damanhour City, Egypt",12011500,601800,601800,1001,,,,,,,
Democritus University of Thrace,"Komotini, Greece",12011500,601800,601,8011000,8011000,601800,,,,,
Diego Portales University,"Santiago, Chile",12011500,601,601,301,601,601800,,,,,
DIT University,"UT, India",12011500,8011000,601800,,,,,,,,
"Dr D. Y. Patil Vidyapeeth, Pune","Pune, India",12011500,8011000,,,,,,,,,
Duzce University,"Duzce, Türkiye",12011500,1001,501600,1001,301400,,,,,,
Ege University,"Bornova, Türkiye",12011500,601800,601800,8011000,601,10011250,8011000,1001,8011000,,
Erciyes University,"Kayseri, Türkiye",12011500,8011000,8011000,8011000,601800,,,,,,
Fayoum University,"Fayoum, Egypt",12011500,8011000,601800,501600,8011000,,,,,,
Federal University of São Carlos,Brazil,12011500,601,8011000,8011000,501600,8011000,601800,1001,501600,601800,
"Federal University of Technology, Minna","Niger State, Nigeria",12011500,10011250,8011000,,,,,,,,
Fu Jen Catholic University,"New Taipei, Taiwan",12011500,601800,501600,10011250,8011000,1001,,,,,
Galgotias University,"Gautam Buddh Nagar, India",12011500,601800,1001,601800,,,,,,,
Gauhati University,"Guwahati, India",12011500,10011250,8011000,1001,1001,,,,,,
Gazi University,Türkiye,12011500,601,8011000,8011000,501600,10011250,8011000,1001,601,,
Gebze Technical University,"41, Türkiye",12011500,8011000,10011250,601800,1001,,,,,,
Gifu University,"Gifu, Japan",12011500,601800,10011250,601800,,,,,,,
Guru Jambheshwar University of Science and Technology,"Hisar, India",12011500,10011250,8011000,,,,,,,,
Gyeongsang National University,"Jinju-si, South Korea",12011500,601800,8011000,10011250,8011000,8011000,8011000,,,,
Hakim Sabzevari University,"Sabzevar, Iran",12011500,601800,601800,,,,,,,,
Hallym University,South Korea,12011500,601800,1001,,,,,,,,
Hangzhou Dianzi University (HDU),"Hangzhou, China",12011500,,,,,,,,,,
HES-SO University of Applied Sciences and Arts of Western Switzerland,"Delemont, Switzerland",12011500,601800,8011000,10011250,601800,,,,,,
Hindustan Institute of Technology and Science,"Chennai, India",12011500,8011000,10011250,8011000,,,,,,,
Hitotsubashi University,"Kunitachi, Japan",12011500,301400,601800,,,,,,,,
Ho Chi Minh City Open University,"Ho Chi Minh City, Vietnam",12011500,801,,,,,,,,,
Holy Spirit University of Kaslik,"Jounieh, Lebanon",12011500,,,,,,,,,,
Hosei University,"Tokyo, Japan",12011500,801,601800,10011250,8011000,,,,,,
Huaqiao University,"Xiamen, China",12011500,501600,601800,8011000,601800,8011000,501600,,,,
Hungarian University of Agriculture and Life Sciences,"Godollo, Hungary",12011500,601800,8011000,8011000,401500,,,,,,
Hyogo Medical University,"Nishinomiya, Japan",12011500,8011000,,,,,,,,,
Ibn Tofaïl University,"Kenitra, Morocco",12011500,8011000,501600,1001,8011000,8011000,,,,,
Ibn Zohr University,"Agadir, Morocco",12011500,,,,,,,,,,
Icesi University,"Cali, Colombia",12011500,601800,,,,,,,,,
IFHE Hyderabad,"TG, India",12011500,,,,,,,,,,
I. Horbachevsky Ternopil National Medical University,"Ternopil, Ukraine",12011500,,,,,,,,,,
Ilam University,"Ilam, Iran",12011500,601800,,,,,,,,,
Ilia State University,"Tbilisi, Georgia",12011500,601800,601800,601800,,,,,,,
Incheon National University,"28, South Korea",12011500,801,8011000,8011000,8011000,1001,601800,,,,
Indian Institute of Science Education and Research Bhopal,"Bhopal, India",12011500,10011250,1001,,,,,,,,
"Indian Institute of Science Education and Research, Pune","Pune, India",12011500,8011000,8011000,,,,,,,,
Inönü University,"Malatya, Türkiye",12011500,1001,601,1251,1001,,,,,,
Institut Teknologi Bandung,"Bandung, Indonesia",12011500,601800,8011000,601800,10011250,8011000,1001,,,,
I-Shou University,"Kaohsiung City, Taiwan",12011500,8011000,1251,,,,,,,,
Istanbul Medeniyet University,"İstanbul, Türkiye",12011500,8011000,,,,,,,,,
Istanbul University,"Fatih, Türkiye",12011500,601,601800,601800,401,801,601800,1001,601,601800,
Istanbul University-Cerrahpaşa,"Avcilar, Türkiye",12011500,601800,8011000,601,10011250,8011000,,,,,
Iuliu Haţieganu University of Medicine and Pharmacy Cluj-Napoca,"Cluj-Napoca, Romania",12011500,601800,,,,,,,,,
Jeju National University,"Jeju-si, South Korea",12011500,8011000,401500,501600,8011000,1001,,,,,
Jiangxi Normal University (JXNU),"Nanchang, China",12011500,,,,,,,,,,
Kangwon National University,"Chuncheon, South Korea",12011500,801,8011000,8011000,10011250,601800,8011000,8011000,,,
Kansai Medical University,"Hirakata City, Japan",12011500,601800,,,,,,,,,
Karunya Institute of Technology and Sciences,"Coimbatore, India",12011500,601800,8011000,601800,,,,,,,
Kashan University of Medical Sciences and Health Services,"Kashan, Iran",12011500,401500,601800,,,,,,,,
Kharazmi University,"Tehran, Iran",12011500,801,301400,8011000,8011000,1001,501600,601800,,,
Khon Kaen University,"Khon Kaen, Thailand",12011500,601800,601800,601800,401500,8011000,601800,8011000,8011000,,
Khulna University,"Khulna, Bangladesh",12011500,8011000,1001,,,,,,,,
Kindai University,"Higashiosaka City, Japan",12011500,401500,1251,1001,1001,,,,,,
King Mongkut's University of Technology North Bangkok,"Bangkok, Thailand",12011500,801,501600,8011000,8011000,,,,,,
Kohat University of Science and Technology,"Kohat, Pakistan",12011500,8011000,,,,,,,,,
Kookmin University,"Seongbuk-gu, South Korea",12011500,8011000,8011000,8011000,1001,1001,,,,,
Kurume University,"Kurume-shi, Japan",12011500,601800,,,,,,,,,
Kuwait University,"Kuwait City, Kuwait",12011500,801,401500,8011000,601,10011250,601800,1001,8011000,,
Kwame Nkrumah University of Science and Technology,"Kumasi, Ghana",12011500,501600,401500,601800,10011250,1001,1001,601800,,,
Kyushu Institute of Technology (Kyutech),"Kitakyushu-shi, Japan",12011500,8011000,,,,,,,,,
Lahore College for Women University (LCWU),"Lahore, Pakistan",12011500,8011000,1001,,,,,,,,
Lebanese University,"Museum, Lebanon",12011500,401500,601800,601800,601800,1001,,,,,
Lorestan University,"Khorramabad, Iran",12011500,601800,8011000,1001,,,,,,,
Madan Mohan Malaviya University of Technology,"Gorakhpur, India",12011500,,,,,,,,,,
Maharishi Markandeshwar University (MMU),"Ambala, India",12011500,601800,8011000,,,,,,,,
Manipal University Jaipur,"Jaipur, India",12011500,8011000,601800,8011000,,,,,,,
Mawlana Bhashani Science and Technology University,"Tangail, Bangladesh",12011500,,,,,,,,,,
Medical University of Bialystok,"Bialystok, Poland",12011500,8011000,,,,,,,,,
Medical University of Lublin,Poland,12011500,8011000,,,,,,,,,
Medical University of Silesia in Katowice,"Katowice, Poland",12011500,8011000,,,,,,,,,
"Mehran University of Engineering and Technology, Jamshoro, Pakistan","Jamshoro, Pakistan",12011500,8011000,10011250,501600,,,,,,,
Mendel University in Brno,"Brno, Czechia",12011500,801,10011250,8011000,8011000,601800,,,,,
Menoufia University,"Shebin ElKoum, Egypt",12011500,1001,601800,601800,601800,601800,,,,,
Miguel Hernández University of Elche,"Elche, Spain",12011500,601800,601800,301400,10011250,601800,1001,501600,601800,,
M. Kumarasamy College of Engineering,"TN, India",12011500,,,,,,,,,,
"MNS University of Agriculture, Multan","Multan, Pakistan",12011500,,,,,,,,,,
Mohammed V University of Rabat,"Rabat, Morocco",12011500,801,8011000,8011000,8011000,8011000,8011000,8011000,,,
Mutah University,"Al Karak, Jordan",12011500,8011000,8011000,1001,,,,,,,
Nagasaki University,"Nagasaki City, Japan",12011500,601800,10011250,601800,1001,601800,,,,,
Nagoya City University,"Nagoya, Japan",12011500,601800,,,,,,,,,
National Chengchi University,"Taipei, Taiwan",12011500,501600,501600,8011000,251300,501600,601800,,,,
National Chung Cheng University,"Min-Hsiung Township, Taiwan",12011500,801,8011000,501600,8011000,1001,8011000,,,,
National Chung Hsing University,"South District, Taiwan",12011500,601800,601800,8011000,601800,8011000,1001,,,,
National Dong Hwa University,"Shoufeng, Taiwan",12011500,501600,8011000,1001,,,,,,,
National Institute of Technology Delhi,India,12011500,8011000,10011250,,,,,,,,
National Institute of Technology Meghalaya,"Shillong, India",12011500,,,,,,,,,,
National Institute of Technology Srinagar,"Srinagar Jammu and Kashmir, India",12011500,10011250,,,,,,,,,
National Institute of Technology Warangal,"TG, India",12011500,10011250,,,,,,,,,
National Kaohsiung University of Science and Technology,"Kaohsiung City, Taiwan",12011500,801,1001,10011250,8011000,,,,,,
National Taipei University of Technology,"Taipei, Taiwan",12011500,601800,601800,,,,,,,,
National Taiwan Ocean University,"Jhongjheng District, Taiwan",12011500,1001,10011250,8011000,8011000,8011000,,,,,
National Textile University,"Faisalabad, Pakistan",12011500,8011000,601800,,,,,,,,
National University of Computer and Emerging Sciences,"Islamabad, Pakistan",12011500,601800,601800,,,,,,,,
National University of Distance Education (UNED),"M, Spain",12011500,501600,801,8011000,301400,10011250,301,1001,501600,601800,
National University of Uzbekistan named after Mirzo Ulugbek,"Tashkent, Uzbekistan",12011500,601800,,,,,,,,,
Necmettin Erbakan University,"Selçuklu, Türkiye",12011500,8011000,501600,601800,8011000,,,,,,
Nelson Mandela University,"Gqeberha, South Africa",12011500,,,,,,,,,,
Netaji Subhas University of Technology,"Dwarka, India",12011500,,,,,,,,,,
Nicolaus Copernicus University in Toruń,"Torun, Poland",12011500,501600,801,8011000,301,8011000,1001,8011000,,,
Niigata University,"Niigata, Japan",12011500,601800,1251,501600,1001,,,,,,
Nitte (Deemed to be University),"Mangaluru, India",12011500,1001,,,,,,,,,
Noakhali Science and Technology University (NSTU),"Chittagong, Bangladesh",12011500,,,,,,,,,,
Oakland University,"Rochester, United States",12011500,801,501600,601800,501600,8011000,8011000,1001,501600,8011000,
October 6 University,"Giza, Egypt",12011500,,,,,,,,,,
Opole University of Technology,"Opole, Poland",12011500,8011000,,,,,,,,,
Osaka Metropolitan University,"Osaka, Japan",12011500,601800,8011000,8011000,8011000,8011000,1001,,,,
Osmania University,"Hyderabad, India",12011500,601800,601800,8011000,8011000,1001,,,,,
Pavol Jozef Šafárik University in Košice,"Kosice, Slovakia",12011500,8011000,8011000,1001,,,,,,,
Persian Gulf University,"Bushehr, Iran",12011500,10011250,1001,,,,,,,,
Pondicherry University,"Puducherry, India",12011500,801,8011000,8011000,601800,1001,8011000,,,,
Pontifícia Universidade Católica do Paraná,"Curitiba, Brazil",12011500,601800,8011000,8011000,8011000,301,1001,8011000,,,
Port Said University,"Port Fouad City, Egypt",12011500,8011000,601800,8011000,601800,,,,,,
Poznań University of Life Sciences,"Poznań, Poland",12011500,10011250,601800,,,,,,,,
Poznan University of Medical Sciences,"Poznan, Poland",12011500,8011000,,,,,,,,,
Prince of Songkla University,"Songkhla, Thailand",12011500,801,8011000,8011000,401500,8011000,601800,1001,601800,,
Public University of Navarre,"Pamplona, Spain",12011500,801,601800,601800,601,8011000,401500,8011000,8011000,,
Pukyong National University,"Nam-Gu, South Korea",12011500,501600,8011000,10011250,8011000,1001,601800,,,,
Riga Stradiņš University,"Riga, Latvia",12011500,8011000,,,,,,,,,
Rowan University,United States,12011500,601800,601800,501600,10011250,8011000,8011000,501600,8011000,,
Sahand University of Technology,"Tabriz, Iran",12011500,8011000,,,,,,,,,
Sakarya University,"Sakarya, Türkiye",12011500,801,1001,601,8011000,601800,1001,,,,
Salahaddin University–Erbil,"Erbil, Iraq",12011500,8011000,8011000,1001,,,,,,,
Sapporo Medical University,"Hokkaido, Japan",12011500,8011000,,,,,,,,,
SASTRA University,"Thanjavur, India",12011500,8011000,8011000,601800,,,,,,,
Sathyabama Institute of Science and Technology,"Chennai, India",12011500,601800,8011000,8011000,8011000,601800,,,,,
Saudi Electronic University,"Riyadh, Saudi Arabia",12011500,8011000,,,,,,,,,
Sefako Makgatho Health Sciences University,"Ga Rankuwa, South Africa",12011500,1001,,,,,,,,,
Seoul National University of Science and Technology (SeoulTech),"Seoul, South Korea",12011500,601800,8011000,1001,601800,,,,,,
Shahid Bahonar University of Kerman,"Kerman, Iran",12011500,601800,8011000,8011000,8011000,,,,,,
​Shahid Chamran University of Ahvaz,"Ahvaz, Iran",12011500,601800,8011000,8011000,,,,,,,
Shahrekord University,"Shahrekord, Iran",12011500,601800,8011000,601800,,,,,,,
Shahrood University of Technology,"Shahrood, Iran",12011500,601800,8011000,8011000,,,,,,,
Shiga University of Medical Science,"Shiga, Japan",12011500,8011000,,,,,,,,,
Shinshu University,"Matsumoto-shi, Japan",12011500,8011000,8011000,8011000,8011000,,,,,,
"Shivaji University, Kolhapur","Kolhapur, India",12011500,,,,,,,,,,
Shiv Nadar University,"Gautam Buddha Nagar, India",12011500,8011000,1001,,,,,,,,
Sidi Mohamed Ben Abdellah University,"Fez, Morocco",12011500,801,8011000,8011000,601,8011000,601800,1001,8011000,,
Slovak University of Agriculture in Nitra,"Nitra, Slovakia",12011500,8011000,,,,,,,,,
Sohag University,"Sohag Al Gadida City, Egypt",12011500,1001,601800,601800,601800,,,,,,
Soonchunhyang University,"Cheonan, South Korea",12011500,401500,601800,8011000,601800,1001,,,,,
South Valley University  (Egypt),"Qena, Egypt",12011500,8011000,601800,601800,601800,,,,,,
St Francis Xavier University,"Antigonish, Canada",12011500,8011000,,,,,,,,,
Suez Canal University,"Ismailia, Egypt",12011500,601800,8011000,501600,8011000,,,,,,
Süleyman Demirel University,"Merkez, Türkiye",12011500,8011000,10011250,1001,8011000,,,,,,
Suranaree University of Technology,"Nakhon Ratchasima, Thailand",12011500,10011250,601800,1001,,,,,,,
SWPS University,"Warsaw, Poland",12011500,601,401500,501600,,,,,,,
Technological University Dublin,"Dublin, Ireland",12011500,801,601800,8011000,301400,10011250,601800,,,,
Texas State University,"San Marcos, United States",12011500,601,601800,8011000,8011000,401500,8011000,8011000,8011000,401500,501600
Tezpur University,"Sonitpur, India",12011500,10011250,601800,1001,,,,,,,
Thammasat University,"Phra Nakhon, Thailand",12011500,601,601800,1001,1001,401500,8011000,1001,1001,8011000,
The British University in Egypt,"El Sherouk City, Egypt",12011500,10011250,,,,,,,,,
The Jikei University School of Medicine,"Tokyo, Japan",12011500,601800,,,,,,,,,
The John Paul II Catholic University of Lublin,"Lublin, Poland",12011500,501600,301,601,1001,,,,,,
The University of Electro-Communications,"Chofu, Japan",12011500,8011000,8011000,1001,,,,,,,
The University of the West Indies,Jamaica,12011500,601,801,601800,601,1251,8011000,1001,601,8011000,
Tianjin Normal University,"Tianjin, China",12011500,,,,,,,,,,
TOBB University of Economics and Technology,Türkiye,12011500,10011250,,,,,,,,,
Tokai University,"Hiratsuka, Japan",12011500,601800,1001,10011250,8011000,1001,,,,,
Tokushima University,"Tokushima, Japan",12011500,601800,1251,8011000,,,,,,,
Tokyo University of Agriculture and Technology,"Fuchu-shi, Japan",12011500,601800,601800,501600,1001,,,,,,
Tokyo University of Science,"Shinjuku-ku, Japan",12011500,8011000,8011000,601800,601800,1001,,,,,
Tomas Bata University in Zlín,"Zlin, Czechia",12011500,401500,10011250,8011000,,,,,,,
Toyohashi University of Technology (TUT),"Toyohashi City, Japan",12011500,8011000,8011000,1001,,,,,,,
Tzu Chi University,"Hualien, Taiwan",12011500,8011000,8011000,,,,,,,,
Universidad Católica San Antonio de Murcia (UCAM),"MU, Spain",12011500,8011000,601,601800,8011000,,,,,,
Universidad del Desarrollo,"Santiago, Chile",12011500,8011000,601,501600,8011000,,,,,,
Universidade Eduardo Mondlane,"Maputo, Mozambique",12011500,601800,,,,,,,,,
Universidade Federal de Pernambuco,"Recife, Brazil",12011500,601,801,1001,8011000,601,10011250,301,8011000,1001,601
Universidade Federal do Paraná (UFPR),Brazil,12011500,601,601800,8011000,8011000,501600,10011250,251300,8011000,1001,601
Universidad San Francisco de Quito,"Quito, Ecuador",12011500,8011000,10011250,601800,8011000,8011000,,,,,
Universitas Airlangga,"Surabaya, Indonesia",12011500,601800,601800,8011000,10011250,301,8011000,1001,501600,601800,
Universitas Gadjah Mada,"Yogyakarta, Indonesia",12011500,401500,401500,601800,601800,8011000,251300,8011000,1001,501600,
Universitas Muhammadiyah Surakarta,"Surakarta, Indonesia",12011500,601,,,,,,,,,
Universitas Padjadjaran,"Sumedang, Indonesia",12011500,801,8011000,8011000,10011250,301,1001,1001,8011000,,
Université de Poitiers,"Poitiers, France",12011500,501600,501600,8011000,601800,8011000,1001,501600,601800,,
Université Djillali Liabès de Sidi Bel-Abbès,"Sidi Bel Abbes, Algeria",12011500,601800,8011000,,,,,,,,
Université d’Orléans,"Orleans, France",12011500,501600,801,8011000,8011000,601800,601800,,,,
University of A Coruña,"A Coruña, Spain",12011500,601,801,601800,8011000,601,10011250,301,601800,8011000,601
University of Anbar,"Ramadi, Iraq",12011500,601800,10011250,1001,8011000,,,,,,
University of Antioquia,"Medellin, Colombia",12011500,601,801,8011000,8011000,601,10011250,8011000,1001,601,1001
University of Brasília,"Brasilia, Brazil",12011500,501600,801,8011000,8011000,501600,10011250,251300,8011000,1001,501600
University of Burgos,"Burgos, Spain",12011500,401500,10011250,1001,8011000,,,,,,
University of Cadiz,"Cádiz, Spain",12011500,501600,601800,8011000,8011000,501600,10011250,301,601800,8011000,601
"University of Chemistry and Technology, Prague","Dejvice, Czechia",12011500,8011000,8011000,1001,,,,,,,
University of Chittagong,"Chittagong, Bangladesh",12011500,8011000,8011000,8011000,8011000,,,,,,
University of Colima,"Colima, Mexico",12011500,,,,,,,,,,
Universidad de Concepcion,"Concepcion, Chile",12011500,601,8011000,1001,601,10011250,601800,8011000,601,8011000,
University of Deusto,"Bilbao, Spain",12011500,601800,251300,301,501600,601800,,,,,
University of Duhok,"Duhok, Iraq",12011500,,,,,,,,,,
University of El Oued,"El-Oued, Algeria",12011500,,,,,,,,,,
University of Engineering & Technology (UET) Lahore,"Lahore, Pakistan",12011500,601800,8011000,8011000,,,,,,,
University of Évora,"Évora, Portugal",12011500,601,601800,1001,601,10011250,8011000,1001,601,,
University of Guilan,"Rasht, Iran",12011500,601800,8011000,8011000,,,,,,,
"University of Health Sciences, Turkey","Uskudar, Türkiye",12011500,8011000,,,,,,,,,
University of Ilorin,"Ilorin, Nigeria",12011500,801,8011000,601800,8011000,8011000,8011000,8011000,,,
University of Ioannina,"45110 Ioannina, Greece",12011500,601800,1001,601,10011250,601800,8011000,601,,,
University of Isfahan,"Isfahan, Iran",12011500,601,601800,601800,501600,8011000,8011000,1001,601,601800,
University of Jeddah,"Jeddah, Saudi Arabia",12011500,801,601800,8011000,601800,601800,8011000,601800,,,
University of Jendouba,"Jendouba, Tunisia",12011500,,,,,,,,,,
University of Jos,"Jos, Nigeria",12011500,,,,,,,,,,
University of Kerala,"Kerala, India",12011500,801,,,,,,,,,
University of La Frontera,"Temuco, Chile",12011500,601800,601,1251,8011000,1001,601,8011000,,,
University of La Serena,"La Serena, Chile",12011500,601800,,,,,,,,,
University of Las Palmas de Gran Canaria,"GC, Spain",12011500,501600,601800,601800,8011000,601,1251,601800,1001,,
University of León,"Leon, Spain",12011500,601,8011000,8011000,401500,10011250,601800,1001,601800,,
University of Malaga,"MA, Spain",12011500,501600,601800,601800,601800,501600,10011250,301,601800,1001,501600
University of Manouba,"Manouba, Tunisia",12011500,601800,8011000,601800,8011000,,,,,,
University of Maragheh,"Maragheh, Iran",12011500,8011000,1001,,,,,,,,
University of Maribor,"Maribor, Slovenia",12011500,601,801,8011000,8011000,601,10011250,201,601800,8011000,401500
University of Mauritius,"Reduit, Mauritius",12011500,801,1251,501600,1001,,,,,,
University of Mazandaran,"Babolsar, Iran",12011500,8011000,1001,,,,,,,,
University of Nebraska Omaha,"Omaha, United States",12011500,801,8011000,601,8011000,1001,401500,601800,,,
University of Nigeria Nsukka,"Nsukka, Nigeria",12011500,601,801,8011000,601,10011250,301,1001,1001,501600,8011000
University of Northern British Columbia (UNBC),"Prince George, Canada",12011500,601800,601800,,,,,,,,
"University of Occupational and Environmental Health, Japan","Fukuoka, Japan",12011500,601800,,,,,,,,,
University of Peradeniya,"Kandy, Sri Lanka",12011500,501600,10011250,1001,1001,,,,,,
University of Reims Champagne-Ardenne,"Reims, France",12011500,,,,,,,,,,
University of Rouen Normandie,France,12011500,601,501600,601800,601,8011000,8011000,1001,601,,
University of Sargodha,"Punjab, Pakistan",12011500,401500,601800,601800,8011000,8011000,,,,,
University of Sfax,"Sfax, Tunisia",12011500,601800,8011000,601800,8011000,601800,1001,601800,,,
University of Social Welfare and Rehabilitation Sciences,"Evin, Iran",12011500,8011000,501600,,,,,,,,
University of South Africa,"Pretoria, South Africa",12011500,501600,801,1001,501600,601800,301,8011000,601800,601,8011000
University of South Wales,"Pontypridd, United Kingdom",12011500,601800,601,601800,501600,8011000,,,,,
University of Split,"Split, Croatia",12011500,601,801,8011000,1001,501600,10011250,8011000,8011000,,
University of Staffordshire,"Stoke on Trent, United Kingdom",12011500,501600,8011000,,,,,,,,
University of Technology of Compiègne,"Compiegne, France",12011500,8011000,,,,,,,,,
University of the Philippines,"Quezon City, Philippines",12011500,601,801,501600,1001,501600,1251,8011000,1001,8011000,
University of Trás-os-Montes and Alto Douro,"Vila Real, Portugal",12011500,601800,601800,501600,10011250,601800,1001,,,,
University of Tripoli,"Tripoli, Libya",12011500,,,,,,,,,,
University of Urbino Carlo Bo,"Urbino, Italy",12011500,601,601800,8011000,601800,601800,,,,,
University of Valladolid,"VA, Spain",12011500,501600,801,8011000,8011000,401500,10011250,301,601800,1001,601
University of West London,"Ealing, United Kingdom",12011500,601800,,,,,,,,,
University of Winchester,"Winchester, United Kingdom",12011500,601,601,8011000,,,,,,,
University of Wrocław,"Wroclaw, Poland",12011500,401500,8011000,401500,601800,301,8011000,1001,301400,8011000,
University of Zagreb,"Zagreb, Croatia",12011500,601,801,601800,8011000,601,10011250,301,601800,8011000,601800
University of Žilina,"010 26 Žilina, Slovakia",12011500,601800,8011000,10011250,501600,,,,,,
University Rey Juan Carlos,"Móstoles, Spain",12011500,601,801,601800,8011000,501600,10011250,301,501600,8011000,501600
Urmia University of Technology,"Urmia, Iran",12011500,10011250,601800,,,,,,,,
USAMV Cluj-Napoca,"Cluj-Napoca, Romania",12011500,601800,,,,,,,,,
"Vietnam National University, Hanoi","Hanoi, Vietnam",12011500,601800,501600,1001,401500,8011000,8011000,1001,601800,,
"Visvesvaraya National Institute of Technology, Nagpur","Nagpur, India",12011500,10011250,,,,,,,,,
VSB - Technical University of Ostrava,"Ostrava, Czechia",12011500,801,601800,8011000,8011000,,,,,,
Vytautas Magnus University,"Kaunas, Lithuania",12011500,601,801,601,8011000,8011000,,,,,
Walailak University,Thailand,12011500,601800,10011250,8011000,1001,601800,,,,,
Warsaw University of Technology,"Warsaw, Poland",12011500,801,601800,8011000,1001,,,,,,
Wilfrid Laurier University,"Waterloo, Canada",12011500,601,601800,501600,601800,401500,601800,,,,
Woosong University,"30, South Korea",12011500,501600,8011000,,,,,,,,
Wrocław University of Science and Technology,"50-370 Wroclaw, Poland",12011500,601800,8011000,8011000,601,1001,,,,,
Wuhan Textile University,"Wuhan, China",12011500,1001,8011000,601800,,,,,,,
Xiangtan University,"Xiangtan, China",12011500,8011000,8011000,601800,,,,,,,
Yanshan University,"Hebei, China",12011500,801,8011000,8011000,8011000,8011000,1001,,,,
Yaşar University,"Izmir, Türkiye",12011500,501600,10011250,601800,,,,,,,
Yazd University,"Yazd, Iran",12011500,601800,8011000,1001,8011000,,,,,,
Yokohama National University,"Yokohama, Japan",12011500,8011000,8011000,1001,,,,,,,
Zewail City of Science and Technology,"6th of October City, Egypt",12011500,8011000,8011000,,,,,,,,
Zhejiang Chinese Medical University,"Hangzhou, China",12011500,8011000,601800,,,,,,,,
Zhejiang University of Finance and Economics,"Hangzhou, China",12011500,601800,8011000,601800,,,,,,,
Abdelmalek Essaâdi University,"Tetouan, Morocco",1501,8011000,8011000,8011000,1001,,,,,,
Acharya Nagarjuna University,"Guntur, India",1501,1001,10011250,1001,,,,,,,
Acıbadem University,"Atasehir, Türkiye",1501,8011000,,,,,,,,,
Adana Alparslan Türkeş Science and Technology University,"Catalan, Türkiye",1501,1251,,,,,,,,,
Adelphi University,"Garden City, United States",1501,501600,501600,1001,,,,,,,
Adiyaman University,"Adiyaman, Türkiye",1501,,,,,,,,,,
Afyonkarahisar Health Sciences University,"Afyonkarahisar, Türkiye",1501,,,,,,,,,,
Afyon Kocatepe University,"Afyonkarahisar, Türkiye",1501,1251,,,,,,,,,
AIIMS Rishikesh,"Rishikesh, India",1501,,,,,,,,,,
Akita University,"Akita, Japan",1501,8011000,1251,1001,,,,,,,
Aksaray University,"68, Türkiye",1501,1001,601,1251,1001,1001,,,,,
Alanya Alaaddin Keykubat University,"Alanya, Türkiye",1501,,,,,,,,,,
Alberto Hurtado University,"Santiago de Chile, Chile",1501,601,601,1001,,,,,,,
Alexandru Ioan Cuza University,"Lasi, Romania",1501,601,801,1001,1001,1001,501600,8011000,,,
Al-Furat Al-Awsat Technical University,"Kufa, Iraq",1501,1251,,,,,,,,,
Allameh Tabataba ’i University,"Tehran, Iran",1501,601,801,401500,8011000,,,,,,
Al-Muthanna University,"Samawah, Iraq",1501,1001,,,,,,,,,
Al-Nahrain University,"Baghdad, Iraq",1501,1001,8011000,10011250,1001,1001,,,,,
Al-Qasim Green University,"Babylon, Iraq",1501,,,,,,,,,,
Al-Quds University,"Jerusalem, Palestinian Territories",1501,,,,,,,,,,
