Name,Geo,World University Rankings 2026,Arts and Humanities 2025,Business and Economics 2025,Medical and Health 2025,Computer Science 2025,Education Studies 2025,Engineering 2025,Law 2025,Life Sciences 2025,Physical Sciences 2025,Social Sciences 2025
Altınbaş University,"Bagcilar, Türkiye",1501,,,,,,,,,,
Alzahra University,"Tehran, Iran",1501,8011000,1001,,,,,,,,
Amity University - Kolkata,"Kadampukur, India",1501,,,,,,,,,,
Anáhuac University,"Huixquilucan de Degollado, Mexico",1501,,,,,,,,,,
Ankara Yildirim Beyazit University,"Etlik-Keçiören, Türkiye",1501,601800,1001,10011250,8011000,,,,,,
Antonio Nariño University,"Bogota, Colombia",1501,8011000,,,,,,,,,
Aoyama Gakuin University,"Tokyo, Japan",1501,1251,1001,,,,,,,,
Arak University,"Arak, Iran",1501,10011250,601800,1001,,,,,,,
Atılım University,Türkiye,1501,10011250,1001,,,,,,,,
Atma Jaya Catholic University of Indonesia,"Kota Jakarta Selatan, Indonesia",1501,,,,,,,,,,
Austral University of Chile,"Valdivia, Chile",1501,601,1001,601,1251,301,8011000,1001,8011000,,
Autonomous University of Baja California,"Mexicali, Mexico",1501,1001,1001,601,1251,1001,1001,1001,,,
Autonomous University of Guerrero (UAGro),"Chilpancingo, Mexico",1501,,,,,,,,,,
Aydın Adnan Menderes University,"Aydin, Türkiye",1501,8011000,601,1001,1001,,,,,,
Azerbaijan State Oil and Industry University,"Baku, Azerbaijan",1501,1251,,,,,,,,,
Azerbaijan Technical University (AzTU),"Baku, Azerbaijan",1501,,,,,,,,,,
Babcock University,"Ilishan-Remo, Nigeria",1501,,,,,,,,,,
Badji Mokhtar University – Annaba,"Annaba, Algeria",1501,8011000,10011250,1001,1001,,,,,,
Baku State University,"Baku, Azerbaijan",1501,10011250,1001,,,,,,,,
Balikesir University,"Balikesir, Türkiye",1501,,,,,,,,,,
"Balochistan University of Information Technology, Engineering and Management Sciences (BUITEMS)","Baleli, Pakistan",1501,10011250,1001,,,,,,,,
Başkent University,"Etimesgut, Türkiye",1501,1001,,,,,,,,,
Benemérita Universidad Autónoma de Puebla,"Puebla, Mexico",1501,1001,1001,601,1251,1001,1001,801,,,
Bernardo O’Higgins University,"Santiago, Chile",1501,,,,,,,,,,
Beykent University,"Sarıyer, Türkiye",1501,,,,,,,,,,
Bezmiâlem Vakif University,"Fatih, Türkiye",1501,1001,,,,,,,,,
Bharati Vidyapeeth University,"Pune, India",1501,1001,1251,,,,,,,,
Bialystok University of Technology,"Bialystok, Poland",1501,801,1001,1251,,,,,,,
Bilecik Şeyh Edebali University,"11, Türkiye",1501,1251,1001,,,,,,,,
Blida 1 University,"Blida, Algeria",1501,1251,1001,,,,,,,,
Bogomolets National Medical University,"Kyiv, Ukraine",1501,1001,,,,,,,,,
Bolu Abant Izzet Baysal University,"Bolu, Türkiye",1501,1001,601,8011000,1001,1001,,,,,
Bozok University,"Yozgat, Türkiye",1501,1001,8011000,8011000,,,,,,,
B. S. Abdur Rahman Crescent Institute of Science and Technology,"Chennai, India",1501,10011250,,,,,,,,,
Burapha University - Chon Buri Campus,"Chonburi, Thailand",1501,1001,1001,1001,,,,,,,
Burdur Mehmet Akif Ersoy University,"Burdur, Türkiye",1501,1001,,,,,,,,,
Bursa Technical University,"Yıldırım, Türkiye",1501,1251,,,,,,,,,
Bursa Uludağ University,"Bursa, Türkiye",1501,8011000,601,10011250,1001,1001,1001,,,,
Canakkale Onsekiz Mart University,"Canakkale, Türkiye",1501,,,,,,,,,,
Çankırı Karatekin University,"18, Türkiye",1501,1001,,,,,,,,,
Cardinal Stefan Wyszynski University in Warsaw,"Warsaw, Poland",1501,,,,,,,,,,
Catholic University of Brasília,"Taguatinga, Brazil",1501,1001,,,,,,,,,
Catholic University of the North,"AN, Chile",1501,601,1251,8011000,1001,501600,501600,,,,
Ceará State University,"Fortaleza-CE, Brazil",1501,1001,1001,1001,1001,,,,,,
Central University of Venezuela,"Caracas, Venezuela",,,,,,,,,,,
Centro Federal de Educação Tecnológica Celso Suckow da Fonseca (CEFET-RJ),"Rio de Janeiro, Brazil",1501,1251,1001,,,,,,,,
Centurion University of Technology and Management,"Dist: Khurda, India",1501,,,,,,,,,,
CES University,"Medellín, Colombia",1501,1001,,,,,,,,,
CEU Universities,"M, Spain",1501,251300,501600,601,,,,,,,
Chang Gung University of Science and Technology,"Taoyuan, Taiwan",1501,8011000,8011000,,,,,,,,
Chiba Institute of Technology,"Narashino, Japan",1501,1251,,,,,,,,,
Chinese Culture University,"Taipei, Taiwan",1501,801,1001,,,,,,,,
Chosun University,"29, South Korea",1501,8011000,601800,10011250,,,,,,,
Christ University,"Bengaluru, India",1501,801,8011000,8011000,8011000,1001,,,,,
Chubu University,"Kasugai, Japan",1501,1251,8011000,,,,,,,,
Chung Shan Medical University,"Taichung City, Taiwan",1501,8011000,8011000,1001,,,,,,,
Chuo University,"Tokyo, Japan",1501,1001,1251,1001,,,,,,,
Communication University of China,"Chaoyang District, China",1501,1001,1001,601800,,,,,,,
Cracow University of Technology,"Kraków, Poland",1501,1001,10011250,1001,,,,,,,
Cukurova University,"01, Türkiye",1501,1001,601,10011250,8011000,1001,8011000,,,,
Damascus University,"Damascus, Syria",1501,1001,,,,,,,,,
Damghan University,"Damghan, Iran",1501,10011250,1001,,,,,,,,
Dankook University,South Korea,1501,8011000,1001,601,10011250,601800,1001,8011000,,,
De La Salle University,Philippines,1501,601,801,1001,401500,1251,1001,401500,8011000,,
Del Rosario University,"Bogata, Colombia",1501,801,1001,301,601800,8011000,,,,,
"Delta State University, Abraka","Abraka, Nigeria",1501,,,,,,,,,,
Dicle University,"Diyarbakir, Türkiye",1501,8011000,1001,1001,,,,,,,
Diponegoro University,"JT, Indonesia",1501,801,1001,1251,301,1001,1001,8011000,,,
Dnipro University of Technology,"Dnipro, Ukraine",1501,,,,,,,,,,
Dokkyo Medical University,"Shimotsuga-gun, Japan",1501,8011000,,,,,,,,,
Dokuz Eylül University,"Alsancak, Türkiye",1501,801,8011000,1001,601,1251,8011000,1001,501,8011000,
Doshisha University,"Kamigyo-ku, Japan",1501,1001,1251,601,1001,,,,,,
Dow University of Health Sciences,"Karachi, Pakistan",1501,8011000,,,,,,,,,
Dr. M.G.R. Educational and Research Institute,"Chennai, India",1501,,,,,,,,,,
Dumlupinar University,"Kutahya, Türkiye",1501,1251,,,,,,,,,
Dunarea de Jos University of Galati,"Galati, Romania",1501,1251,8011000,,,,,,,,
Durban University of Technology,"Durban, South Africa",1501,801,601800,8011000,501600,10011250,8011000,1001,8011000,,
EAFIT University,"Pereira, Colombia",1501,801,1001,8011000,,,,,,,
East China University Of Technology,"Fuzhou City, China",1501,,,,,,,,,,
East West University,Bangladesh,1501,,,,,,,,,,
Ehime University,"Ehime, Japan",1501,601800,1251,8011000,1001,,,,,,
Ekiti State University,"Ado Ekiti, Nigeria",1501,,,,,,,,,,
El Bosque University,"Bogata, Colombia",1501,1001,,,,,,,,,
Erzincan Binali Yıldırım University,"Erzincan, Türkiye",1501,1001,8011000,,,,,,,,
Escuela Politécnica Nacional,"Quito, Ecuador",1501,1251,1001,,,,,,,,
Escuela Superior Politécnica del Litoral,"Guayaquil, Ecuador",1501,8011000,1251,1001,601800,,,,,,
Eskişehir Osmangazi University,"Eskisehir, Türkiye",1501,1001,601,1251,1001,1001,,,,,
Eskişehir Technical University,"Eskisehir, Türkiye",1501,1251,1001,,,,,,,,
"Federal Institute of Education, Science and Technology of São Paulo","São Paulo, Brazil",1501,1251,1001,,,,,,,,
Federal Rural University of Pernambuco,"CEP, Brazil",1501,1001,1251,1001,1001,1001,,,,,
"Federal University of Agriculture, Abeokuta","Abeokuta, Nigeria",1501,1001,1001,,,,,,,,
Federal University of Espírito Santo,"Vitória, Brazil",1501,801,8011000,8011000,601,10011250,1001,1001,601,1001,
Federal University of Goiás,"Goiânia, Brazil",1501,601,801,8011000,1001,601,1251,8011000,1001,1001,
Federal University of Lavras,"Lavras, Brazil",1501,1001,1251,601800,1001,,,,,,
Federal University of Mato Grosso do Sul,"Campo Grande -MS, Brazil",1501,1001,601,1251,8011000,8011000,1001,,,,
Federal University of Pará,"Belém, Brazil",1501,601,1001,1001,601,1251,8011000,1001,501,1001,
Federal University of Pelotas,"RS, Brazil",1501,8011000,601,10011250,1001,1001,,,,,
Federal University of Rio Grande do Norte (UFRN),"Natal, Brazil",1501,601,8011000,8011000,601,1251,8011000,1001,501600,1001,
Federal University of Santa Maria,"Bairro Camobi, Brazil",1501,601,801,8011000,1001,601,10011250,8011000,1001,8011000,
Federal University of Technology Akure,"Akure, Nigeria",1501,8011000,1001,8011000,,,,,,,
"Federal University of Technology, Owerri","Owerri, Nigeria",1501,1251,1001,,,,,,,,
Federal University of Uberlândia,"Uberlandia, Brazil",1501,801,601800,1001,601,10011250,8011000,1001,,,
Federal University of Viçosa,Brazil,1501,801,1001,1251,601800,1001,1001,,,,
Federal University Oye-Ekiti,"Oye-Ekiti, Nigeria",1501,,,,,,,,,,
Federico Santa María Technical University,"Valparaiso, Chile",1501,8011000,10011250,1001,,,,,,,
Feng Chia University,"Seatwen, Taiwan",1501,801,8011000,10011250,1001,,,,,,
Ferhat Abbas Sétif University 1,"Setif, Algeria",1501,8011000,1251,1001,,,,,,,
Fluminense Federal University,"Niterói, Brazil",1501,401500,801,8011000,8011000,601,1251,301,8011000,1001,601
Gaziantep University,"27, Türkiye",1501,1001,10011250,601800,,,,,,,
Gdynia Maritime University,"Gdynia, Poland",1501,1251,,,,,,,,,
"George Emil Palade University of Medicine, Pharmacy, Science, and Technology of Targu Mures","Targu Mureș, Romania",1501,8011000,,,,,,,,,
Georgian Technical University,"Tbilisi, Georgia",1501,1001,,,,,,,,,
Georgia Southern University,"Statesboro, United States",1501,801,8011000,8011000,601,8011000,8011000,1001,501600,8011000,
Gheorghe Asachi Technical University of Iaşi,"Iasi, Romania",1501,1251,,,,,,,,,
Giresun University,Türkiye,1501,,,,,,,,,,
GITAM University,"Visakhapatnam, India",1501,801,1001,1001,10011250,1001,1001,,,,
GMR Institute of Technology,"Srikakulam district, India",1501,10011250,,,,,,,,,
Goa University,"GA, India",1501,1001,,,,,,,,,
Grand Valley State University,"Allendale, United States",1501,501600,8011000,,,,,,,,
Grigore T. Popa University of Medicine and Pharmacy,"Iasi, Romania",1501,1001,1251,,,,,,,,
GuangXi Normal University,"Guilin, China",1501,,,,,,,,,,
Gunma University,"Maebashi City, Japan",1501,8011000,1251,,,,,,,,
Guru Ghasidas Vishwavidyalaya,"Bilaspur, India",1501,8011000,1001,,,,,,,,
Halu Oleo University,"Kendari, Indonesia",1501,,,,,,,,,,
Hanoi University of Science and Technology,"Hanoi, Vietnam",1501,601800,10011250,1001,,,,,,,
Harran University,"Sanlıurfa, Türkiye",1501,,,,,,,,,,
Hasanuddin University,"Makassar, Indonesia",1501,1001,1251,1001,1001,8011000,,,,,
Hassiba Benbouali University of Chlef,"Ouled Fares, Algeria",1501,10011250,8011000,,,,,,,,
Hatay Mustafa Kemal University,"Hatay, Türkiye",1501,,,,,,,,,,
Hellenic Open University,"Patra, Greece",1501,801,601,8011000,8011000,,,,,,
Helwan University,"Ain Helwan, Egypt",1501,801,8011000,8011000,10011250,8011000,1001,8011000,,,
Hirosaki University,"Hirosaki-shi, Japan",1501,,,,,,,,,,
Hitit University,"Corum, Türkiye",1501,1001,,,,,,,,,
Hormozgan University of Medical Sciences,"Bandar Abbas, Iran",1501,1001,,,,,,,,,
Hue University,"Hue City, Vietnam",1501,1001,1251,1001,1001,,,,,,
Ibaraki University,"Mito, Japan",1501,1251,1001,1001,,,,,,,
Ibn Khaldoun University,"zaaroura, Algeria",1501,8011000,,,,,,,,,
Instituto Politécnico de Viana do Castelo,"Viana do Castelo, Portugal",1501,801,8011000,8011000,8011000,,,,,,
Instituto Politécnico Nacional (IPN),"Mexico City, Mexico",1501,1251,1001,1001,,,,,,,
Instituto Tecnológico Metropolitano,"Medellin, Colombia",1501,,,,,,,,,,
Institut Teknologi Sepuluh Nopember,"JI, Indonesia",1501,801,8011000,10011250,1001,1001,601800,,,,
International Hellenic University,Greece,1501,801,8011000,8011000,10011250,1001,1001,601800,,,
Ionian University,"Corfu, Greece",1501,1001,8011000,,,,,,,,
IPB University,"Bogor, Indonesia",1501,8011000,,,,,,,,,
Islamic Science University of Malaysia (USIM),"Nilai, Malaysia",1501,,,,,,,,,,
Islamic University of Indonesia,"Yogyakarta, Indonesia",1501,801,1251,1001,,,,,,,
Istanbul Aydın University,"Istanbul, Türkiye",1501,1001,,,,,,,,,
Istanbul Bilgi University,"Eyupsultan, Türkiye",1501,8011000,,,,,,,,,
Istanbul Okan University,"Tuzla, Türkiye",1501,,,,,,,,,,
Ivane Javakhishvili Tbilisi State University,"Tbilisi, Georgia",1501,1001,1001,,,,,,,,
Ivan Franko National University of Lviv,"Lviv, Ukraine",1501,801,1001,1001,,,,,,,
İzmir Kâtip Çelebi University,Türkiye,1501,,,,,,,,,,
Izmir University of Economics,"Balçova, Türkiye",1501,,,,,,,,,,
Jan Evangelista Purkyně University,"Usti nad Labem, Czechia",1501,1001,1001,801,,,,,,,
Jan Kochanowski University in Kielce,"Kielce, Poland",1501,1001,1001,,,,,,,,
"Jaypee Institute of Information Technology, Noida","Noida, India",1501,,,,,,,,,,
Jean Moulin University – Lyon 3,"Lyon, France",1501,601,1001,,,,,,,,
Jember University,"Jember, Indonesia",1501,601,,,,,,,,,
Jianghan University,"Wuhan, China",1501,8011000,1001,1251,1001,1001,,,,,
Jiangsu Normal University,"Jiangsu, China",1501,1001,8011000,601800,8011000,,,,,,
Kagawa University,"Kagawa, Japan",1501,601800,10011250,8011000,,,,,,,
Kagoshima University,"Kagoshima, Japan",1501,8011000,1251,8011000,1001,,,,,,
Kanagawa University,"Yokohama-shi, Japan",1501,1251,1001,,,,,,,,
Kansai University,"Suita-shi, Japan",1501,1001,1251,1001,,,,,,,
Karabük University,"Karabuk, Türkiye",1501,1001,601800,8011000,,,,,,,
Karadeniz Technical University,"Trabzon, Türkiye",1501,1001,8011000,10011250,1001,1001,8011000,,,,
Karamanoğlu Mehmet Bey University,"Karaman, Türkiye",1501,,,,,,,,,,
Karpagam Academy of Higher Education,"Coimbatore, India",1501,8011000,10011250,1001,,,,,,,
Kasetsart University,"Bangkok, Thailand",1501,801,8011000,1001,601,10011250,8011000,1001,1001,,
Kastamonu University,"Kastamonu, Türkiye",1501,601,8011000,8011000,,,,,,,
Kazakh National Agrarian Research University,Kazakhstan,1501,,,,,,,,,,
Kenyatta University,"Nairobi, Kenya",1501,1001,,,,,,,,,
Kharkiv Aviation Institute,"Kharkov, Ukraine",1501,8011000,1251,,,,,,,,
Kharkiv National University of Radio Electronics,"Kharkiv, Ukraine",1501,1001,1251,,,,,,,,
Kirikkale University,"Kirikkale, Türkiye",1501,1001,1251,1001,,,,,,,
Kırşehir Ahi Evran University,"Kirsehir, Türkiye",1501,1001,601,1001,1001,,,,,,
Kitasato University,"Tokyo, Japan",1501,8011000,1001,,,,,,,,
KLE Academy of Higher Education and Research,"Belagavi, India",1501,,,,,,,,,,
KMITL – King Mongkut’s Institute of Technology Ladkrabang,"Bangkok, Thailand",1501,8011000,401500,10011250,1001,1001,,,,,
Kocaeli University,"41, Türkiye",1501,1001,1001,601,1251,1001,1001,1001,,,
Kochi University,"Kochi, Japan",1501,8011000,1001,1001,,,,,,,
Kochi University of Technology,"Kami City, Japan",1501,10011250,1001,,,,,,,,
Kogakuin University,"Shinjuku-ku, Japan",1501,1251,1001,,,,,,,,
Konya Technical University,"Selcuklu, Türkiye",1501,10011250,,,,,,,,,
Kwansei Gakuin University,"Nishinomiya, Japan",1501,1001,,,,,,,,,
Kyiv National University of Construction and Architecture,"Kyiv, Ukraine",1501,,,,,,,,,,
Kyoto Institute of Technology,"Kyoto, Japan",1501,1001,10011250,,,,,,,,
Ladoke Akintola University of Technology,"Ogbomoso, Nigeria",1501,1001,8011000,1001,8011000,,,,,,
Lagos State University,"Ojo, Nigeria",1501,1001,,,,,,,,,
Larbi Tebessi University,"Tebessa, Algeria",1501,1001,,,,,,,,,
Latvia University of Life Sciences and Technologies,"Jelgava, Latvia",1501,1251,1001,8011000,,,,,,,
Lincoln University College,"Selangor Darul Ehsan, Malaysia",1501,,,,,,,,,,
Liverpool Hope University,"Liverpool, United Kingdom",1501,,,,,,,,,,
L.N. Gumilyov Eurasian National University,"AST, Kazakhstan",1501,601,801,1001,601,10011250,1001,8011000,,,
Lodz University of Technology,Poland,1501,801,8011000,10011250,8011000,1001,,,,,
Londrina State University,Brazil,1501,8011000,601,10011250,8011000,1001,601,1001,,,
Lublin University of Technology,"Lublin, Poland",1501,1001,10011250,,,,,,,,
Lucian Blaga University of Sibiu,"Sibiu, Romania",1501,601,801,1251,8011000,,,,,,
Lviv Polytechnic National University,"Lviv, Ukraine",1501,801,8011000,1251,1001,1001,,,,,
Mackenzie Presbyterian University,"SP, Brazil",1501,,,,,,,,,,
Maejo University,"Chiang Mai, Thailand",1501,601800,,,,,,,,,
Mahasarakham University,"44, Thailand",1501,1001,1251,1001,1001,,,,,,
Manav Rachna International Institute of Research and Studies,"Faridabad, India",1501,8011000,8011000,,,,,,,,
Manisa Celal Bayar University,"Yerleşkesi, Türkiye",1501,1001,1251,,,,,,,,
Mapúa University,"Manila, Philippines",1501,8011000,10011250,8011000,,,,,,,
Maria Curie-Skłodowska University (UMCS),"Lublin, Poland",1501,601,301,8011000,1001,1001,,,,,
Marmara University,Türkiye,1501,801,8011000,8011000,601,10011250,8011000,1001,8011000,,
Matej Bel University,"Banska Bystrica, Slovakia",1501,801,8011000,,,,,,,,
Medical University of Sofia,"Sofia, Bulgaria",1501,8011000,8011000,,,,,,,,
Meiji University,"Chiyoda-ku, Japan",1501,1001,1251,1001,1001,,,,,,
Meijo University,"Nagoya, Japan",1501,1251,1001,,,,,,,,
Mersin University,"33, Türkiye",1501,1001,601,1251,1001,,,,,,
Metropolitan Autonomous University,"Ciudad de México, Mexico",1501,601,801,8011000,1001,601,1251,8011000,1001,8011000,
M’Hamed Bougara University of Boumerdès,"Boumerdes, Algeria",1501,1251,1001,,,,,,,,
Middle Technical University,"Baghdad, Iraq",1501,8011000,1251,,,,,,,,
Mie University,"Tsu City, Japan",1501,8011000,1251,8011000,,,,,,,
Military Institute of Science and Technology (MIST),Bangladesh,1501,,,,,,,,,,
Mindanao State University – Iligan Institute of Technology,"Iligan City, Philippines",1501,8011000,,,,,,,,,
Ming Chuan University,"Taipei City, Taiwan",1501,801,8011000,,,,,,,,
Mirpur University of Science and Technology,"Mirpur, Pakistan",1501,8011000,8011000,,,,,,,,
Misr University for Science and Technology,"6th of october, Egypt",1501,1001,,,,,,,,,
Morgan State University,"Baltimore, United States",1501,601,1001,1001,,,,,,,
Moulay Ismail University,"Meknes, Morocco",1501,601800,8011000,8011000,1001,,,,,,
M S Ramaiah University of Applied Sciences (RUAS),"Bangalore, India",1501,1251,1001,,,,,,,,
Mugla Sitki Kocman University,Türkiye,1501,1001,601,1251,1001,1001,,,,,
Muhimbili University of Health and Allied Sciences,"Dar es Salaam, Tanzania",1501,1001,,,,,,,,,
Muroran Institute of Technology,"Hokkaido, Japan",1501,1251,,,,,,,,,
Muş Alparslan University,"Muş, Türkiye",1501,,,,,,,,,,
Mustansiriyah University,"Baghdad, Iraq",1501,1001,1001,1251,1001,1001,,,,,
Nagaoka University of Technology,"Niigata, Japan",1501,10011250,,,,,,,,,
Nagoya Institute of Technology,"Nagoya City, Japan",1501,8011000,8011000,1001,,,,,,,
Naresuan University,"65, Thailand",1501,1001,1251,8011000,1001,,,,,,
National Changhua University of Education,"Changhua City, Taiwan",1501,301400,1251,1001,,,,,,,
National Chiayi University,"CYI, Taiwan",1501,1001,1001,,,,,,,,
National Chi Nan University,"Puli, Taiwan",1501,1251,,,,,,,,,
National Chin-Yi University of Technology,"Taiping District, Taiwan",1501,1001,8011000,,,,,,,,
National Formosa University,"Huwei Township, Taiwan",1501,1001,1251,,,,,,,,
National Ilan University,"Yilan City, Taiwan",1501,10011250,,,,,,,,,
"National Institute of Applied Sciences, Strasbourg (INSA Strasbourg)","Strasbourg, France",1501,10011250,,,,,,,,,
National Pingtung University of Science and Technology,"Neipu, Taiwan",1501,1251,8011000,,,,,,,,
"National Pirogov Memorial Medical University, Vinnytsya","Vinnytsia, Ukraine",1501,,,,,,,,,,
National Taipei University,"TPQ, Taiwan",1501,801,8011000,,,,,,,,
National Technical University Kharkiv Polytechnic Institute,"Kharkiv, Ukraine",1501,801,1001,1251,1001,,,,,,
National Technical University of Ukraine – Igor Sikorsky Kyiv Polytechnic Institute,Ukraine,1501,801,1001,1251,1001,,,,,,
National United University,"Miaoli, Taiwan",1501,1251,,,,,,,,,
National University of Colombia,"Bogota, Colombia",1501,601,801,601800,1001,601,1251,8011000,1001,8011000,
National University of Córdoba,"Cordoba, Argentina",1501,601,8011000,1251,8011000,1001,601,1001,,,
National University of Costa Rica,"Heredia, Costa Rica",1501,601,1001,,,,,,,,
National University of Cuyo,"Ciudad de Mendoza, Argentina",1501,601,1251,1001,1001,1001,,,,,
National University of Kaohsiung,"Kaohsiung, Taiwan",1501,601800,1251,1001,,,,,,,
National University of La Plata,"La Plata, Argentina",1501,601,801,8011000,1001,601,1251,601800,1001,8011000,
National University of Life and Environmental Sciences of Ukraine,"Kyiv, Ukraine",1501,801,1001,10011250,1001,,,,,,
National University of Medical Sciences (NUMS),"Rawalpindi, Pakistan",1501,1001,,,,,,,,,
National University of Mongolia,"Ulaanbaatar, Mongolia",1501,1001,,,,,,,,,
National University of Quilmes,"Buenos Aires, Argentina",1501,,,,,,,,,,
National University of Rosario (UNR),"Rosario, Argentina",1501,,,,,,,,,,
National University of San Martín,"San Martin, Argentina",1501,601,601800,1001,,,,,,,
NED University of Engineering and Technology,"Karachi, Pakistan",1501,1251,1001,,,,,,,,
Niğde Ömer Halisdemir University,"Nigde, Türkiye",1501,10011250,8011000,1001,,,,,,,
Nihon University,"Tokyo, Japan",1501,,,,,,,,,,
Nile University,"El Sheikh Zayed, Egypt",1501,8011000,10011250,,,,,,,,
Nnamdi Azikiwe University,"Awka, Nigeria",1501,1001,8011000,8011000,1001,,,,,,
Northern Technical University,"Nineveh, Iraq",1501,1251,,,,,,,,,
North Khorasan University of Medical Sciences,"Bojnourd, Iran",1501,,,,,,,,,,
Nueva Granada Military University,"Bogata, Colombia",1501,,,,,,,,,,
Obafemi Awolowo University,"Ife, Nigeria",1501,601800,8011000,1251,1001,1001,8011000,,,,
Ochanomizu University,"Tokyo, Japan",1501,1001,,,,,,,,,
October University for Modern Sciences and Arts (MSA),"Giza, Egypt",1501,,,,,,,,,,
Odesa I.I. Mechnikov National University,"Odessa, Ukraine",1501,1001,,,,,,,,,
Oita University,"Oita, Japan",1501,8011000,,,,,,,,,
Okayama University of Science,"Okayama, Japan",1501,1001,1001,,,,,,,,
Oles Honchar Dnipro National University,"Dnipro, Ukraine",1501,1251,1001,,,,,,,,
Ondokuz Mayis University,"Samsun, Türkiye",1501,1001,601,10011250,1001,1001,1001,,,,
Oran 1 University,"Oran, Algeria",1501,1251,1001,,,,,,,,
Ordu University,"Altınordu/Ordu, Türkiye",1501,1001,8011000,,,,,,,,
Osaka Institute of Technology,"Osaka, Japan",1501,1251,,,,,,,,,
Osaka Medical and Pharmaceutical University,"Takatsuki, Japan",1501,8011000,,,,,,,,,
Ovidius University of Constanța,"Constanta, Romania",1501,1001,1001,,,,,,,,
Pace University-New York,"New York, United States",1501,601,401500,8011000,,,,,,,
Paisii Hilendarski University of Plovdiv,"Plovdiv, Bulgaria",1501,,,,,,,,,,
Pamukkale University,"Pamukkale, Türkiye",1501,801,1001,601,1251,1001,,,,,
Paris Nanterre University,"Nanterre, France",1501,201250,801,601,201250,501600,8011000,,,,
Payame Noor University,"Tehran, Iran",1501,10011250,1001,1001,1001,,,,,,
Pazmany Peter Catholic University,"Budapest, Hungary",1501,,,,,,,,,,
Polytechnic Institute of Porto,"Porto, Portugal",1501,801,601800,601,8011000,,,,,,
Polytechnic Institute of Setúbal,"Setubal, Portugal",1501,,,,,,,,,,
Polytechnic University of Bucharest,"Bucuresti, Romania",1501,10011250,,,,,,,,,
Polytechnic University of Timişoara,"Timisoara, Romania",1501,1001,10011250,,,,,,,,
Pontifical Catholic University of Argentina,"Buenos Aires, Argentina",1501,,,,,,,,,,
Pontifical Catholic University of Minas Gerais,"Belo Horizonte, Brazil",1501,1001,1001,,,,,,,,
Pontifical Catholic University of Peru,"San Miguel, Peru",1501,601,801,1001,601,1251,301,1001,601,8011000,
Pontifical Catholic University of Valparaíso,"Valparaiso, Chile",1501,601,8011000,501600,10011250,301,8011000,1001,8011000,,
Pontificia Universidad Católica del Ecuador,"Quito, Ecuador",1501,8011000,1001,,,,,,,,
Pontificia Universidad Javeriana,"Bogota, Colombia",1501,601,801,8011000,1001,401500,1251,301,8011000,1001,601
Poznan University of Technology,"Poznan, Poland",1501,801,8011000,10011250,8011000,,,,,,
Presidency University,"Bengaluru, India",1501,,,,,,,,,,
PSG College of Technology,"Coimbatore, India",1501,8011000,1251,1001,,,,,,,
Qom University of Medical Sciences,"Qom, I.R, Iran",1501,8011000,,,,,,,,,
Razi University,"Kermanshah, Iran",1501,8011000,8011000,1001,,,,,,,
Recep Tayyip Erdoğan University,"Rize, Türkiye",1501,1001,601,8011000,1001,1001,,,,,
Regional Autonomous University of the Andes (UNIANDES),"Ambato, Ecuador",1501,,,,,,,,,,
REVA University,"Yelahanka, India",1501,601800,10011250,8011000,,,,,,,
Rikkyo University,"Tokyo, Japan",1501,1001,,,,,,,,,
Ritsumeikan University,"Kyoto, Japan",1501,801,8011000,601800,501600,8011000,1001,1001,601,8011000,
R V College of Engineering,"Bengaluru, India",1501,1001,1251,,,,,,,,
Ryukoku University,"Kyoto, Japan",1501,,,,,,,,,,
Rzeszów University of Technology,"Rzeszów, Poland",1501,601800,1001,1251,,,,,,,
Sabzevar University of Medical Sciences,"Sabzevar, Iran",1501,,,,,,,,,,
Saga University,"Saga City, Japan",1501,8011000,1251,8011000,,,,,,,
Saints Cyril and Methodius University in Skopje,"1000 Skopje, North Macedonia",1501,8011000,1001,1251,8011000,1001,1001,,,,
Saitama Medical University,"Moroyama, Japan",1501,8011000,,,,,,,,,
Saitama University,"Saitama City, Japan",1501,10011250,8011000,1001,,,,,,,
Sakarya University of Applied Sciences,"Sakarya, Türkiye",1501,,,,,,,,,,
Satbayev University,"ALA, Kazakhstan",1501,1251,1001,,,,,,,,
SGH Warsaw School of Economics,"Warsaw, Poland",1501,601800,601800,,,,,,,,
Shahed University,"Tehran, Iran",1501,8011000,1001,,,,,,,,
Shahid Sadoughi University of Medical Sciences,"Yazd, Iran",1501,8011000,,,,,,,,,
Shanxi Medical University,"Taiyuan, China",1501,1001,8011000,1001,,,,,,,
Shibaura Institute of Technology,"Koto, Japan",1501,8011000,10011250,1001,,,,,,,
Shimane University,"Shimane, Japan",1501,8011000,1251,8011000,1001,,,,,,
Shizuoka University,"Surugaku, Japan",1501,1001,10011250,1001,1001,,,,,,
Shree Guru Gobind Singh Tricentenary University,"Gurugram, India",1501,,,,,,,,,,
Sikkim Manipal University,"Tadong Gangtok, India",1501,10011250,,,,,,,,,
Silpakorn University,"Bangkok, Thailand",1501,10011250,1001,1001,,,,,,,
Sinop University,"Sinop, Türkiye",1501,,,,,,,,,,
Sivas Cumhuriyet University,"Sivas, Türkiye",1501,1001,10011250,8011000,8011000,,,,,,
Slovak University of Technology in Bratislava,"Bratislava, Slovakia",1501,8011000,10011250,8011000,1001,,,,,,
Sofia University,"Sofia, Bulgaria",1501,601,8011000,1001,10011250,1001,1001,1001,,,
"Soochow University, Taiwan","Shilin District, Taiwan",1501,801,,,,,,,,,
Sophia University,"Tokyo, Japan",1501,10011250,1001,8011000,,,,,,,
Southwest Petroleum University,"Chengdu City, China",1501,1001,8011000,8011000,,,,,,,
Sri Lanka Institute of Information Technology,"Malabe, Sri Lanka",1501,1001,,,,,,,,,
Srinakharinwirot University,Thailand,1501,1001,10011250,1001,,,,,,,
Sri Ramachandra Institute of Higher Education and Research,"Chennai, India",1501,1001,,,,,,,,,
Sri Venkateswara University,"Andhra, India",1501,10011250,1001,,,,,,,,
State Islamic University of Sunan Gunung Djati Bandung,"Bandung, Indonesia",1501,,,,,,,,,,
"State University ""Kyiv Aviation Institute""","Kyiv, Ukraine",1501,801,8011000,10011250,1001,,,,,,
State University of Bahia,"Salvador, Brazil",1501,1001,,,,,,,,,
State University of Malang,"Malang, Indonesia",1501,801,1001,401500,1251,1001,8011000,,,,
State University of Ponta Grossa,"Ponta Grossa, Brazil",1501,1001,1001,1001,,,,,,,
State University of Santa Cruz,"Ilheus, Brazil",1501,1001,1001,,,,,,,,
State University of Southwestern Bahia (UESB),Brazil,1501,,,,,,,,,,
Ştefan cel Mare University of Suceava,"Suceava, Romania",1501,10011250,,,,,,,,,
Széchenyi István University,"Gyor, Hungary",1501,601800,1251,,,,,,,,
Tamil Nadu Agricultural University,"Coimbatore, India",1501,1001,,,,,,,,,
Tamkang University,Taiwan,1501,801,1001,601,8011000,8011000,8011000,,,,
Taras Shevchenko National University of Kyiv,"Kyiv, Ukraine",1501,601,801,8011000,1001,10011250,301,1001,1001,1001,
Tashkent University of Information Technologies,"Tashkent, Uzbekistan",1501,1001,601,,,,,,,,
Technical University of Cartagena,"Cartagena, Spain",1501,601800,8011000,1251,501600,,,,,,
Technical University of Cluj-Napoca,"Cluj-Napoca, Romania",1501,8011000,10011250,1001,,,,,,,
Technical University of Crete,"Chania, Greece",1501,10011250,,,,,,,,,
Technical University of Košice,"Kosice, Slovakia",1501,601800,8011000,1001,,,,,,,
Technical University of Liberec,"Liberec, Czechia",1501,801,10011250,1001,,,,,,,
Technical University of Sofia,"Sofia, Bulgaria",1501,1001,601,1251,1001,,,,,,
Technological University of Pereira,"RIS, Colombia",1501,,,,,,,,,,
Tecnológico de Costa Rica,"Cartago, Costa Rica",1501,,,,,,,,,,
Teikyo University,"Tokyo, Japan",1501,8011000,,,,,,,,,
Tekirdag Namik Kemal University,Türkiye,1501,,,,,,,,,,
Telkom University,"Bandung, Indonesia",1501,801,8011000,10011250,8011000,,,,,,
Temuco Catholic University,"Temuco, Chile",1501,601,601,1001,8011000,,,,,,
The University of Danang,"Danang City, Vietnam",1501,,,,,,,,,,
Thiagarajar College of Engineering,"Thiruparankundram, India",1501,1251,,,,,,,,,
Tikrit University,"Tikrit, Iraq",1501,1251,1001,1001,,,,,,,
Toho University,"Tokyo, Japan",1501,8011000,1001,,,,,,,,
Tokat Gaziosmanpaşa University,"Tokat, Türkiye",1501,1001,601,1001,601800,,,,,,
Tokyo City University,"Setagaya-ku, Japan",1501,1251,,,,,,,,,
Tokyo Denki University,"Tokyo, Japan",1501,801,1251,,,,,,,,
Tokyo Metropolitan University,"Hachioji-shi, Japan",1501,1001,8011000,10011250,501600,1001,8011000,,,,
Tokyo University of Agriculture,"Tokyo, Japan",1501,1001,,,,,,,,,
Tokyo University of Marine Science and Technology,"Tokyo, Japan",1501,1251,8011000,1001,,,,,,,
Tokyo University of Technology,"Hachioji-shi, Japan",1501,,,,,,,,,,
Tottori University,"Tottori, Japan",1501,8011000,1251,8011000,,,,,,,
Toyama Prefectural University,"Toyama, Japan",1501,,,,,,,,,,
Toyo University,"Tokyo, Japan",1501,1251,,,,,,,,,
Trakia University,"Stara Zagora, Bulgaria",1501,,,,,,,,,,
Trakya University,"Edirne, Türkiye",1501,1001,,,,,,,,,
Transilvania University of Brașov,"Brașov, Romania",1501,1001,1001,10011250,501600,8011000,,,,,
Tribhuvan University,"Kirtipur, Nepal",1501,601800,10011250,8011000,1001,601800,,,,,
Tunghai University,"Xitun, Taiwan",1501,601800,8011000,601800,,,,,,,
Ubon Ratchathani University,"Warin Chamrap, Thailand",1501,,,,,,,,,,
Ukrainian State University of Science and Technologies,"Dnipro, Ukraine",1501,,,,,,,,,,
UNIR – International University of La Rioja,"Logroño, Spain",1501,601,801,601800,501600,301,501600,8011000,,,
Unisinos University,"São Leopoldo, Brazil",1501,601800,501600,10011250,601,8011000,,,,,
Universidad Andrés Bello (UNAB),"Santiago de Chile, Chile",1501,601,1001,8011000,501600,10011250,8011000,1001,601,8011000,
Universidad Autónoma de Chile,"Providencia, Chile",1501,8011000,501600,1251,301,601,8011000,,,,
Universidad Autónoma de Coahuila,"Saltillo, Mexico",1501,1251,1001,,,,,,,,
Universidad Autónoma del Estado de Hidalgo,"Pachuca, Mexico",1501,1251,1001,1001,,,,,,,
Universidad Autónoma del Estado de Mexico (UAEMex),"Toluca, Mexico",1501,1001,1251,1001,1001,1001,,,,,
Universidad Autónoma de Nuevo León (UANL),"San Nicolas de los Garza, Mexico",1501,1001,1251,1001,1001,601,1001,,,,
Universidad Autónoma de Querétaro,"Santiago de Queretaro, Mexico",1501,1251,1001,1001,,,,,,,
Universidad Autónoma de Yucatán,"Merida, Mexico",1501,1001,1001,,,,,,,,
Universidad Católica de la Santísima Concepción,"Concepcion, Chile",1501,8011000,601,1001,,,,,,,
Universidad Católica del Maule,"Talca, Chile",1501,8011000,601,8011000,1001,501600,1001,,,,
Universidad Científica del Sur,"Villa II, Peru",1501,1001,1001,,,,,,,,
Universidad de Cartagena,"Cartagena, Colombia",1501,601800,,,,,,,,,
Universidad de las Fuerzas Armadas – ESPE,"Clara, Ecuador",1501,1001,1251,1001,,,,,,,
Universidad del Valle,"Cali, Colombia",1501,1001,1251,1001,1001,1001,,,,,
Universidad Distrital Francisco José de Caldas,"Bogota, Colombia",1501,601,1251,,,,,,,,
Universidade do Estado de Santa Catarina,"Florianópolis, Brazil",1501,1001,601,1251,1001,,,,,,
Universidade do Estado do Rio de Janeiro (UERJ),Brazil,1501,601,801,8011000,1001,601,1251,301,8011000,1001,601
Universidade Estadual de Feira de Santana (UEFS),"Feira de Santana, Brazil",1501,1001,1001,1001,,,,,,,
Universidade Estadual de Maringá,"Maringá, Brazil",1501,801,1001,601,1251,8011000,1001,1001,,,
Universidade Estadual do Maranhão,"Sao Luis, Brazil",1501,1001,,,,,,,,,
Universidade Estadual do Norte Fluminense Darcy Ribeiro,"Campos dos Goytacazes, Brazil",1501,1001,1001,,,,,,,,
Universidade Estadual do Oeste do Paraná (Unioeste),"Cascavel, Brazil",1501,1001,1001,1001,,,,,,,
Universidade Federal da Bahia,"Salvador, Brazil",1501,601,801,8011000,1001,601,1251,301,8011000,1001,601
Universidade Federal de Ciências da Saúde de Porto Alegre (UFCSPA),"Porto Alegre, Brazil",1501,8011000,1001,,,,,,,,
Universidade Federal de Juiz de Fora,"Juiz de Fora, Brazil",1501,601,8011000,1001,601,1251,1001,1001,601,1001,
Universidade Federal de Ouro Preto (UFOP),"Ouro Preto, Brazil",1501,8011000,1001,8011000,1001,801,,,,,
Universidade Federal de Sergipe,"São Cristóvão, Brazil",1501,8011000,601,1251,1001,1001,1001,,,,
Universidade Federal do ABC (UFABC),"Santo André, Brazil",1501,1001,10011250,601800,8011000,1001,,,,,
Universidade Federal do Maranhão (UFMA),"Sao Luis, Brazil",1501,1001,1251,1001,1001,1001,,,,,
Universidade Federal Rural do Semi-Arido,"Mossoro RN, Brazil",1501,1001,,,,,,,,,
Universidade Lusófona,"Lisboa, Portugal",1501,801,8011000,1001,501600,10011250,1001,601,601800,,
Universidade Nove de Julho (Uninove),"Sao Paulo, Brazil",1501,801,1001,,,,,,,,
Universidad Francisco de Vitoria,"Pozuelo de Alarcon, Spain",1501,601800,601,1001,,,,,,,
Universidad Industrial de Santander (UIS),"Bucaramanga, Colombia",1501,1001,1251,1001,,,,,,,
Universidad Loyola,"SE, Spain",1501,501600,8011000,,,,,,,,
Universidad Mayor,"Santiago, Chile",1501,1001,601800,1001,,,,,,,
Universidad Michoacana de San Nicolás de Hidalgo,"Morelia, Mexico",1501,1251,1001,1001,,,,,,,
Universidad Nacional Agraria La Molina,"La Molina, Peru",1501,1001,,,,,,,,,
Universidad Nacional de Asunción,"San Lorenzo, Paraguay",1501,8011000,,,,,,,,,
Universidad Nacional del Litoral,"Santa Fe, Argentina",1501,1251,1001,,,,,,,,
Universidad Nacional Mayor de San Marcos,"LIM, Peru",1501,801,501600,8011000,1001,801,,,,,
Universidad Panamericana (UP),"Ciudad de Mexico, Mexico",1501,801,1251,1001,,,,,,,
Universidad Pedagogica y Tecnologica de Colombia - UPTC,"Tunja, Colombia",1501,1001,,,,,,,,,
Universidad Peruana de Ciencias Aplicadas (UPC),"LIM, Peru",1501,1001,1001,1251,1001,,,,,,
Universidad Politécnica Salesiana,"Cuenca, Ecuador",1501,1001,601,1251,,,,,,,
Universidad Pontificia Bolivariana (UPB),"Medellín, Colombia",1501,1001,1251,1001,,,,,,,
Universidad San Ignacio de Loyola,"LIM, Peru",1501,1001,601,1001,,,,,,,
Universidad Santo Tomás,"Santiago, Chile",1501,1001,601,1001,,,,,,,
Universidad Técnica de Manabí,"Portoviejo, Ecuador",1501,,,,,,,,,,
Universidad Técnica Particular de Loja,"Loja, Ecuador",1501,1001,601,,,,,,,,
Universitas Ahmad Dahlan,"Kota Yogyakarta, Indonesia",1501,601,,,,,,,,,
Universitas Andalas,"Padang, Indonesia",1501,1001,1251,1001,1001,,,,,,
Universitas Muhammadiyah Malang,"Malang, Indonesia",1501,,,,,,,,,,
Universitas Muhammadiyah Yogyakarta,"Bantul, Indonesia",1501,801,1251,8011000,,,,,,,
Universitas Negeri Jakarta,"East Jakarta City, Indonesia",1501,,,,,,,,,,
Universitas Negeri Padang,"Kota Padang, Indonesia",1501,601,1001,,,,,,,,
Universitas Negeri Semarang,"Semarang, Indonesia",1501,801,601,,,,,,,,
Universitas Negeri Surabaya,"Surabaya, Indonesia",1501,501600,1001,,,,,,,,
Universitas Negeri Yogyakarta,"Yogyakarta, Indonesia",1501,301400,1001,1001,,,,,,,
Universitas Pendidikan Indonesia,"Bandung, Indonesia",1501,501600,10011250,1001,8011000,,,,,,
Universitas Sriwijaya,"Inderalaya, Indonesia",1501,1251,1001,1001,,,,,,,
Universitas Sumatera Utara,"SU, Indonesia",1501,801,1001,1001,1251,1001,1001,8011000,,,
Universitas Syiah Kuala,"Banda Aceh, Indonesia",1501,8011000,601,1251,1001,8011000,1001,,,,
Université 8 Mai 1945 Guelma,"Guelma, Algeria",1501,10011250,1001,,,,,,,,
Université Cheikh Anta Diop de Dakar (UCAD),Senegal,1501,,,,,,,,,,
Université Chouaïb Doukkali,"El Jadida, Morocco",1501,8011000,8011000,1001,,,,,,,
Université de Gabès,"Gabes, Tunisia",1501,8011000,10011250,8011000,1001,,,,,,
Université de Skikda,"Skikda, Algeria",1501,10011250,8011000,,,,,,,,
Université Frères Mentouri Constantine 1,"Constantine, Algeria",1501,1251,1001,1001,,,,,,,
Université Hassan II de Casablanca,"Casablanca, Morocco",1501,801,1001,601800,601,8011000,8011000,1001,8011000,,
Université Kasdi Merbah Ouargla,"Ouargla, Algeria",1501,1251,,,,,,,,,
Université Mouloud Mammeri de Tizi-Ouzou,"Tizi Ouzou, Algeria",1501,1251,1001,,,,,,,,
Université Polytechnique Hauts-de-France,"Valenciennes, France",1501,601800,601800,8011000,,,,,,,
Université Saint-Joseph de Beyrouth,"Mar Mikhael, Lebanon",1501,8011000,8011000,,,,,,,,
Université Sorbonne Nouvelle,"Paris, France",1501,126150,601800,,,,,,,,
Université Sultan Moulay Slimane,"Beni Mellal, Morocco",1501,8011000,10011250,1001,1001,,,,,,
Universiti Kuala Lumpur,"Kuala Lumpur, Malaysia",1501,601800,1001,1251,,,,,,,
Universiti Malaysia Kelantan,"Kota Bharu, Malaysia",1501,801,10011250,1001,1001,,,,,,
Universiti Malaysia Perlis,"09, Malaysia",1501,10011250,8011000,,,,,,,,
Universiti Malaysia Sabah (UMS),"Kota Kinabalu, Malaysia",1501,801,8011000,8011000,1001,8011000,1001,801,,,
Universiti Teknikal Malaysia Melaka,"Malacca, Malaysia",1501,801,8011000,1251,,,,,,,
Universiti Teknologi MARA,"Darul Ehsan, Malaysia",1501,601,601800,1001,1001,501600,10011250,301,8011000,1001,8011000
Universiti Tun Hussein Onn Malaysia (UTHM),"Batu Pahat, Malaysia",1501,601800,601800,601,10011250,8011000,8011000,,,,
University Abdelhamid Ibn Badis Mostaganem,"Kharouba, Algeria",1501,1001,,,,,,,,,
University Cadi Ayyad of Marrakech,"Marrakech, Morocco",1501,1001,8011000,10011250,601800,8011000,8011000,,,,
University for Development Studies,"Tamale, Ghana",1501,601800,1001,8011000,8011000,,,,,,
University Mohamed Boudiaf of M’Sila,"BP 166, Algeria",1501,1251,1001,,,,,,,,
University of Abou Bekr Belkaïd Tlemcen,"Fg Pasteur, Algeria",1501,1001,1251,1001,,,,,,,
University of Al-Qadisiyah,"Al Qadisiyah, Iraq",1501,8011000,8011000,,,,,,,,
University of Antofagasta,"Antofagasta, Chile",1501,501600,,,,,,,,,
University of Babylon,"Hillah, Iraq",1501,1001,1001,10011250,1001,8011000,,,,,
University of Baghdad,"Baghdad, Iraq",1501,601,1001,1001,601,10011250,201,1001,1001,1001,
University of Basrah,"Basrah, Iraq",1501,1001,1001,1251,1001,1001,,,,,
University of Batna 2,"Batna, Algeria",1501,1251,1001,,,,,,,,
University of Béjaïa,"Bejaia, Algeria",1501,10011250,1001,1001,,,,,,,
University of Benin,"Benin, Nigeria",1501,601800,1001,1001,,,,,,,
University of Bío-Bío,"Concepción, Chile",1501,601,1251,1001,,,,,,,
University of Birjand,"Birjand, Iran",1501,10011250,1001,,,,,,,,
University of Biskra,"Biskra, Algeria",1501,1001,10011250,1001,,,,,,,
University of Brawijaya,"JI, Indonesia",1501,801,1001,1001,1251,301,1001,1001,8011000,,
University of Calabar,"Leopad Town, Nigeria",1501,,,,,,,,,,
University of Carthage,"Amilcar, Tunisia",1501,801,8011000,10011250,8011000,1001,8011000,,,,
University of Cauca,"Popayan, Colombia",1501,,,,,,,,,,
University of Caxias do Sul,"Caxias do Sul, Brazil",1501,,,,,,,,,,
University of Chester,"Chester, United Kingdom",1501,8011000,501600,8011000,,,,,,,
University of Costa Rica,"San Jose, Costa Rica",1501,601,8011000,601,1251,8011000,1001,1001,,,
University of Craiova,"Craiova, Romania",1501,1001,1251,1001,,,,,,,
University of Cuenca,"Cuenca, Ecuador",1501,1001,,,,,,,,,
University of Dar es Salaam,"Dar es Salaam, Tanzania",1501,601,8011000,1001,8011000,,,,,,
University of Diyala,"Baquba, Iraq",1501,8011000,10011250,8011000,,,,,,,
University of Economics in Prague,"Prague, Czechia",1501,801,,,,,,,,,
University of Fortaleza (UNIFOR),"Fortaleza - CE, Brazil",1501,1001,251300,301,,,,,,,
University of Fukui,"Fukui-shi, Japan",1501,8011000,1251,,,,,,,,
University of Gdańsk,"Gdańsk, Poland",1501,601,801,8011000,601,301,8011000,1001,501600,8011000,
University of Guadalajara,"Guadalajara, Mexico",1501,601,801,1001,1001,601,1251,1001,1001,601,1001
University of Guanajuato,"Guanajuato, Mexico",1501,1001,1001,1251,1001,1001,1001,,,,
University of Havana,"Havana, Cuba",1501,10011250,8011000,1001,1001,,,,,,
