Name,Geo,World University Rankings 2026,Arts and Humanities 2025,Business and Economics 2025,Medical and Health 2025,Computer Science 2025,Education Studies 2025,Engineering 2025,Law 2025,Life Sciences 2025,Physical Sciences 2025,Social Sciences 2025
Zayed University,"Dubai, United Arab Emirates",401500,201250,301400,126150,401500,401500,,,,,
Alfaisal University,"Riyadh, Saudi Arabia",501600,301400,601800,,,,,,,,
American University of Sharjah,"Sharjah, United Arab Emirates",501600,401500,401500,601800,601800,601800,401500,,,,
Auckland University of Technology,New Zealand,501600,301400,401500,251300,601800,301400,601800,401500,401500,301400,
Banaras Hindu University,"UP, India",501600,601800,301400,601800,251300,601800,601800,,,,
Bangor University,"Bangor, United Kingdom",501600,301400,401500,501600,301400,401500,301400,251300,301400,401500,
Ca’ Foscari University of Venice,"Venice, Italy",501600,126150,251300,601800,601800,301400,,,,,
Campus Bio-Medico University of Rome,"Rome, Italy",501600,301400,8011000,401500,,,,,,,
Carleton University,"Ottawa, Canada",501600,301400,501600,301400,301400,251300,301400,401500,251300,401500,
"China University of Petroleum, Beijing","Beijing, China",501600,601800,301400,501600,,,,,,,
Chulalongkorn University,"10, Thailand",501600,301400,301400,301400,401500,251300,301400,401500,501600,401500,301400
"Colorado State University, Fort Collins","Fort Collins, United States",501600,601,501600,301400,601800,301400,401500,201250,201250,251300,401500
Complutense University of Madrid,Spain,501600,72,401500,251300,601800,201250,601800,80,301400,601800,301400
Constructor University,"Bremen, Germany",501600,401500,301400,601800,251300,,,,,,
Cyprus University of Technology,"Limassol, Cyprus",501600,501600,401500,601800,8011000,8011000,501600,,,,
Ewha Womans University,"Seodaemun-gu, South Korea",501600,501600,401500,401500,601800,251300,401500,401500,501600,251300,401500
Federation University Australia,"Mount Helen, Australia",501600,501600,301400,401500,501600,401500,601800,601800,401500,501600,
Gachon University,"Seongnam, South Korea",501600,601800,401500,501600,501600,601800,601800,,,,
Georgia State University,"Atlanta, United States",501600,501600,251300,301400,501600,176200,201250,501600,8011000,201250,301400
"Goldsmiths, University of London","London, United Kingdom",501600,151175,301400,99,176200,,,,,,
Hamburg University of Technology,"Hamburg, Germany",501600,101125,601800,501600,,,,,,,
Imam Abdulrahman Bin Faisal University,"Dammam, Saudi Arabia",501600,501600,201250,401500,151175,251300,401500,501600,,,
Indian Institute of Technology Indore,"Simrol, India",501600,401500,501600,501600,,,,,,,
Istanbul Technical University,"Maslak, Türkiye",501600,501600,401500,251300,301400,601800,,,,,
Jagiellonian University,"Krakow, Poland",501600,201250,501600,401500,8011000,301400,101125,501600,601800,301400,501600
Jiangsu University,"Zhenjiang, China",501600,251300,301400,601800,301400,251300,301400,501600,,,
Jinan University (China),"Guangzhou City, China",501600,301400,301400,601800,251300,301400,301400,401500,,,
Juntendo University,"Tokyo, Japan",501600,401500,601800,,,,,,,,
Keele University,"Newcastle under Lyme, United Kingdom",501600,401500,301400,251300,251300,501600,8011000,401500,501600,,
KIIT University,India,501600,401500,501600,401500,501600,801,,,,,
Konkuk University,"Gwangjingu, South Korea",501600,401500,501600,501600,401500,401500,501600,501600,,,
Kyungpook National University (KNU),"Bukgu, South Korea",501600,501600,401500,301400,301400,401500,301400,501600,,,
Lincoln University (New Zealand),"Lincoln, New Zealand",501600,301400,301400,251300,,,,,,,
Liverpool John Moores University,"Liverpool, United Kingdom",501600,501600,401500,301400,401500,401500,401500,301,401500,301400,301400
Lovely Professional University,"Phagwara, India",501600,501600,301400,501600,301400,401500,251300,251300,,,
Mahatma Gandhi University,"Kottayam, India",501600,601800,8011000,,,,,,,,
Massey University,"Palmerston North, New Zealand",501600,401500,301400,501600,501600,251300,401500,301400,601800,301400,301400
Maynooth University,"Maynooth, Ireland",501600,401500,401500,601800,301400,251300,501600,601800,176200,201250,
Memorial University of Newfoundland,Canada,501600,401500,401500,501600,301400,401500,201250,301400,251300,401500,501600
Middlesex University,"London, United Kingdom",501600,401500,401500,301400,501600,251300,301400,251300,251300,501600,
Missouri University of Science and Technology,"Rolla, United States",501600,301400,301400,301400,301400,,,,,,
Mizzou - University of Missouri,"Columbia, United States",501600,401500,501600,501600,301400,251300,301400,301400,401500,201250,401500
National Cheng Kung University (NCKU),"Tainan, Taiwan",501600,301400,501600,301400,501600,176200,301400,401500,601800,401500,
National Taiwan Normal University,Taiwan,501600,301400,401500,41,601800,601800,1001,251300,601800,,
National Yunlin University of Science and Technology,"Douliou, Taiwan",501600,501600,,,,,,,,,
New Jersey Institute of Technology,"Newark, United States",501600,501600,251300,301400,501600,,,,,,
"Northeastern University, China","Shenyang, China",501600,501600,401500,301400,601800,601800,601800,,,,
NOVA University of Lisbon,"Lisboa, Portugal",501600,201250,201250,501600,601800,301400,501600,201250,301400,601800,301400
Polytechnic University of Bari,"BA, Italy",501600,501600,,,,,,,,,
Pusan National University,"Geumjeong, South Korea",501600,176200,401500,401500,501600,301400,401500,301400,,,
Rensselaer Polytechnic Institute,"Troy, United States",501600,401500,251300,301400,401500,501600,,,,,
Royal Veterinary College,"Camden, United Kingdom",501600,251300,,,,,,,,,
RPTU University of Kaiserslautern-Landau,Germany,501600,251300,401500,501600,401500,601800,301400,251300,,,
Saarland University,"Saarbrucken, Germany",501600,,,,,,,,,,
Shanghai University,"BaoShaun District, China",501600,301400,201250,401500,301400,301400,301400,251300,,,
Shiraz University of Technology,"Shiraz, Iran",501600,501600,601800,,,,,,,,
"Soochow University, China","Suzhou City, China",501600,601,501600,401500,601800,501600,201250,301400,301400,501600,8011000
Stevens Institute of Technology,"Hoboken, United States",501600,401500,176200,301400,501600,,,,,,
Sultan Qaboos University,Oman,501600,401500,501600,501600,,,,,,,
Tashkent Institute of Irrigation and Agricultural Mechanisation,"Tashkent City, Uzbekistan",501600,501600,301400,,,,,,,,
Tehran University of Medical Sciences,"Tehran, Iran",501600,301400,,,,,,,,,
The University of Tulsa,"Tulsa, United States",501600,301400,401500,,,,,,,,
TU Dortmund University,"Dortmund, Germany",501600,301400,251300,251300,151175,301400,301400,201250,,,
UEH University,"Ho Chi Minh City, Vietnam",501600,301400,501600,,,,,,,,
Université du Québec,"Quebec City, Canada",501600,176200,401500,501600,201250,251300,251300,151175,301400,301400,176200
Universiti Putra Malaysia,"Selangor, Malaysia",501600,401500,176200,601800,501600,301400,301400,501600,501600,401500,
University of Bradford,"West Yorkshire, United Kingdom",501600,201250,601800,251300,301400,501600,301400,,,,
University of Catania,"CT, Italy",501600,601,501600,301400,301400,601800,401500,401500,401500,,
University of Denver,"Denver, United States",501600,501600,601800,201250,251300,601800,176200,501600,,,
University of Ferrara,Italy,501600,301400,501600,301400,301400,601800,301,501600,501600,,
University of Graz,"Graz, Austria",501600,201250,401500,151175,251300,401500,601800,201250,401500,,
University of Haifa,"Mount Carmel, Israel",501600,301400,501600,501600,8011000,201250,201250,401500,1001,301400,401500
University of Huddersfield,"Huddersfield, United Kingdom",501600,301400,251300,501600,501600,401500,401500,201250,401500,401500,
University of Hull,"Hull, United Kingdom",501600,401500,301400,401500,301400,401500,151175,401500,301400,401500,401500
University of Iceland,"Reykjavík, Iceland",501600,301400,601800,401500,401500,401500,251300,401500,401500,401500,
University of International Business and Economics,"Beijing, China",501600,301400,401500,,,,,,,,
University of KwaZulu-Natal,"Westville, South Africa",501600,401500,601800,301400,501600,301400,601800,301,401500,501600,401500
University of Limerick,Ireland,501600,301400,501600,401500,601800,176200,401500,301400,501600,176200,251300
University of Manitoba,"Winnipeg, Canada",501600,601,501600,201250,301400,501600,401500,501600,501600,,
University of Messina,"ME, Italy",501600,501600,301400,301400,401500,401500,401500,501600,401500,401500,
University of Missouri-Kansas City,"Kansas City, United States",501600,,,,,,,,,,
University of Modena and Reggio Emilia,"MO, Italy",501600,401500,601800,301400,401500,601800,401500,601800,401500,501600,
University of Nebraska-Lincoln,"Lincoln, United States",501600,501600,501600,501600,301400,251300,201250,176200,301400,251300,201250
University of Nebraska Medical Center,"Omaha, United States",501600,301400,401500,,,,,,,,
University of Nicosia,"Nicosia, Cyprus",501600,176200,501600,201250,301400,401500,,,,,
University of Palermo,Italy,501600,401500,501600,301400,501600,601800,251300,501600,501600,401500,
University of Plymouth,"Devon, United Kingdom",501600,501600,251300,501600,401500,301400,301400,126150,301400,301400,401500
University of Pretoria,"Pretoria, South Africa",501600,301400,301400,501600,601800,301400,601800,101125,301400,601800,401500
University of Salerno,Italy,501600,501600,501600,301400,401500,501600,301400,301,501600,401500,
University of Siegen,Germany,501600,501600,301400,301400,401500,401500,,,,,
University of Stirling,"Stirling, United Kingdom",501600,251300,401500,401500,251300,251300,301400,251300,301400,,
University of the Sunshine Coast,"Sippy Downs, Australia",501600,501600,401500,401500,401500,601800,401500,501600,401500,,
University of Toulouse,"Toulouse, France",501600,251300,63,301400,401500,251300,501600,251300,251300,201250,401500
University of Trieste,"Trieste, Italy",501600,501600,801,301400,601800,401500,301400,401500,,,
University of Ulsan,South Korea,501600,301400,501600,601800,,,,,,,
University of Valencia,Spain,501600,251300,401500,401500,601800,301400,601800,126150,401500,301400,301400
University of Windsor,"ON, Canada",501600,501600,301400,301400,401500,301400,601800,601800,301400,501600,
UPES,"Dehradun, India",501600,401500,301400,401500,,,,,,,
Victoria University,"Footscray, Australia",501600,401500,301400,301400,201250,401500,401500,401500,401500,,
Wayne State University,"Detroit, United States",501600,601,601800,301400,301400,401500,601800,201250,601800,401500,301400
Wroclaw Medical University,"Wroclaw, Poland",501600,301400,,,,,,,,,
Yangzhou University,"Yangzhou City, China",501600,601800,501600,601800,251300,301400,301400,501600,,,
Yeungnam University,South Korea,501600,601800,601800,251300,301400,401500,301400,601800,,,
Zhejiang University of Technology,"Hangzhou, China",501600,401500,601800,601800,401500,501600,601800,,,,
Aberystwyth University,"Aberystwyth, United Kingdom",601800,501600,401500,401500,401500,,,,,,
Air University,"Islamabad, Pakistan",601800,501600,501600,501600,,,,,,,
Alborz University of Medical Sciences,"Karaj, Iran",601800,501600,,,,,,,,,
Aligarh Muslim University,"Uttar Pradesh, India",601800,501600,501600,401500,501600,301400,601800,601800,,,
Amedeo Avogadro University of Eastern Piedmont,"VC, Italy",601800,601,801,301400,601800,8011000,801,,,,
American University,"Washington, D.C., United States",601800,501600,301400,501600,82,401500,401500,301400,,,
American University in Cairo,"New Cairo, Egypt",601800,401500,601800,601800,501600,601800,,,,,
American University of the Middle East,"Egaila, Kuwait",601800,201250,251300,301400,,,,,,,
"Amity University, Noida","Noida, India",601800,401500,401500,301400,501600,601800,501600,601800,,,
Anglia Ruskin University (ARU),"Cambridge, United Kingdom",601800,401500,501600,301400,401500,501600,301400,501600,,,
Auburn University,"Auburn, United States",601800,501600,401500,501600,301400,301400,401500,401500,301400,501600,
Babol Noshirvani University of Technology,"Babol, Iran",601800,601800,401500,401500,,,,,,,
Babol University of Medical Sciences,"Babol, Iran",601800,501600,,,,,,,,,
Bahauddin Zakariya University,"Multan, Pakistan",601800,601800,601800,601800,501600,601800,601800,,,,
Bar-Ilan University,"Ramat Gan, Israel",601800,301400,601800,401500,301400,251300,501600,301,501600,8011000,251300
Beirut Arab University,"Beirut, Lebanon",601800,501600,401500,501600,,,,,,,
Ben-Gurion University of the Negev,"Beer Sheva, Israel",601800,401500,601800,301400,401500,301400,601800,401500,601800,251300,401500
Bharathiar University,"Coimbatore, India",601800,601800,601800,601800,,,,,,,
Bilkent University,"Bilkent, Türkiye",601800,501600,301400,501600,401500,8011000,601800,,,,
Capital Medical University,"Fengtai, China",601800,401500,501600,,,,,,,,
Centrale Nantes,"Nantes, France",601800,401500,301400,501600,,,,,,,
Central University of Punjab,"Bathinda, India",601800,,,,,,,,,,
Chang Gung University,"Guishan District, Taiwan",601800,401500,601800,601800,501600,,,,,,
Charles Sturt University,"Bathurst, Australia",601800,401500,601800,601800,8011000,401500,601800,601800,501600,601800,
Chitkara University,"Chandigarh, India",601800,501600,501600,601800,501600,,,,,,
City University of Macau,Macao SAR China,601800,,,,,,,,,,
Claude Bernard University Lyon 1,"69622 Villeurbanne cedex, France",601800,301400,501600,601,601800,301400,401500,,,,
COMSATS University Islamabad,"Tarlai Kalan, Pakistan",601800,401500,401500,401500,401500,401500,,,,,
Concordia University,"Montreal, Canada",601800,301400,401500,251300,201250,251300,501600,201250,301400,,
Coventry University,"Coventry, United Kingdom",601800,401500,301400,601800,601800,301400,601800,201250,501600,401500,301400
Cyprus International University,"Nicosia District, Northern Cyprus",601800,301400,601800,401500,,,,,,,
Czech University of Life Sciences Prague (CZU),"165 21 Praha 6, Czechia",601800,601800,8011000,501600,,,,,,,
De Montfort University,"Leicester, United Kingdom",601800,501600,401500,601800,301400,401500,401500,201250,401500,501600,
Dhofar University,"Salalah, Oman",601800,,,,,,,,,,
Duy Tan University,"Danang, Vietnam",601800,601800,401500,501600,301400,401500,301400,401500,,,
East China University of Science and Technology,"Shanghai, China",601800,601800,401500,301400,401500,501600,601800,,,,
Eastern Mediterranean University,"Famagusta, Northern Cyprus",601800,301400,601800,501600,301400,,,,,,
École des Mines de Saint-Étienne,"Saint-Etienne, France",601800,501600,501600,8011000,,,,,,,
École Nationale des Travaux Publics de l'État (ENTPE),"Lyon, France",601800,401500,601800,501600,,,,,,,
Edinburgh Napier University,"Edinburgh, United Kingdom",601800,501600,401500,401500,251300,301400,301400,301400,,,
Egypt-Japan University of Science and Technology (E-JUST),"ALX, Egypt",601800,401500,301400,,,,,,,,
Federal University of Rio de Janeiro,Brazil,601800,301400,501600,601800,501600,301400,501600,301,401500,601800,501600
Golestan University,"Gorgan, Iran",601800,601800,,,,,,,,,
Government College University Faisalabad,"Faisalabad, Pakistan",601800,601800,501600,601800,401500,301400,401500,501600,,,
Graphic Era University,"Dehradun, India",601800,301400,,,,,,,,,
Graz University of Technology,Austria,601800,176200,301400,301400,601800,,,,,,
Guangdong University of Technology,"Guangzhou, China",601800,601800,501600,401500,401500,,,,,,
Harbin Engineering University,"Harbin, China",601800,601800,501600,501600,601800,8011000,,,,,
Harokopio University of Athens,"Kallithea 17671, Greece",601800,401500,501600,,,,,,,,
Hiroshima University,"Higashi Hiroshima City, Japan",601800,401500,301400,501600,601800,301400,401500,501600,601800,501600,301400
Imam Mohammad Ibn Saud Islamic University,"Riyadh, Saudi Arabia",601800,301400,251300,401500,301400,501600,501600,,,,
Indian Institute of Technology Patna,"Patna, India",601800,501600,601800,501600,,,,,,,
"International Institute of Information Technology, Hyderabad","Hyderabad, India",601800,401500,501600,8011000,,,,,,,
Iran University of Medical Sciences,"Tehran, Iran",601800,501600,601800,501600,,,,,,,
ISCTE-University Institute of Lisbon,"Lisbon, Portugal",601800,301400,401500,8011000,8011000,201250,301400,,,,
Isfahan University of Medical Sciences,"Isfahan, Iran",601800,601800,,,,,,,,,
Isfahan University of Technology,"Khomeyni Shahr, Iran",601800,401500,401500,501600,501600,,,,,,
Jazan University,"Jazan, Saudi Arabia",601800,401500,601800,501600,601800,601800,,,,,
Jiangnan University,"Wuxi, China",601800,601,601800,601800,601800,301400,401500,8011000,,,
Jouf University,"Sakakah, Saudi Arabia",601800,501600,501600,251300,601800,,,,,,
Kadir Has University,"Fatih, Türkiye",601800,501600,601800,,,,,,,,
Kafrelsheikh University,"Kafrelshiekh, Egypt",601800,601800,601800,501600,401500,401500,,,,,
Kansas State University,"Manhattan, United States",601800,601,501600,601800,501600,401500,601800,301400,401500,301400,501600
Keio University,"Tokyo, Japan",601800,501600,401500,201250,301400,401500,501600,301400,601800,501600,
King Faisal University,"Ahsaa, Saudi Arabia",601800,601800,401500,401500,301400,301400,401500,401500,501600,,
Kobe University,"Kobe, Japan",601800,501600,301400,601800,601,601800,501600,601800,601,501600,
Lehigh University,"Bethlehem, United States",601800,501600,601800,251300,401500,401500,501600,251300,601800,,
London Metropolitan University,"London, United Kingdom",601800,301400,501600,,,,,,,,
London South Bank University,"London, United Kingdom",601800,601800,401500,8011000,401500,601800,,,,,
Lorestan University of Medical Sciences,"Khorramabad, Iran",601800,501600,,,,,,,,,
Louisiana State University,"Baton Rouge, United States",601800,401500,401500,401500,201250,301400,401500,251300,501600,301400,301400
Mahidol University,"Salaya, Thailand",601800,601,501600,251300,601800,201250,8011000,401500,8011000,301400,
Majmaah University,"Al Majma ah, Saudi Arabia",601800,601800,401500,401500,401500,,,,,,
Malaviya National Institute of Technology,"Jaipur, India",601800,601800,,,,,,,,,
Management & Science University (MSU),"Shah Alam, Malaysia",601800,8011000,,,,,,,,,
Manchester Metropolitan University,"Manchester, United Kingdom",601800,501600,401500,401500,401500,251300,301400,251300,501600,301400,401500
Manipal Academy of Higher Education,"Manipal, India",601800,801,301400,8011000,8011000,601800,8011000,601800,,,
Masaryk University,"Brno, Czechia",601800,251300,601800,501600,601800,601,251300,401500,601800,401500,401500
Mississippi State University,"MS, United States",601800,601,601800,301400,501600,401500,601800,401500,501600,601800,
Nanjing Forestry University,"Nanjing, China",601800,501600,8011000,401500,401500,301400,801,,,,
Nanjing Tech University,"Nanjing, China",601800,801,1001,301400,301400,401500,8011000,,,,
Nanjing University of Aeronautics and Astronautics,"Nanjing, China",601800,301400,401500,301400,601800,401500,,,,,
Nanjing University of Science and Technology (NJUST),"Nanjing, China",601800,,,,,,,,,,
Nantes Université,"Nantes, France",601800,501600,401500,251300,601,601800,401500,601800,601,501600,
National Institute of Technology Rourkela,"Rourkela, India",601800,601800,8011000,,,,,,,,
National Sun Yat-Sen University,"Kaohsiung, Taiwan",601800,401500,601800,501600,201250,501600,601800,601800,601800,,
National University of Sciences and Technology,"Islamabad, Pakistan",601800,301400,301400,501600,401500,401500,,,,,
New Mexico State University (Main campus),"Las Cruces, United States",601800,801,401500,601800,501600,8011000,601800,501600,401500,601800,
Nottingham Trent University,"Nottingham, United Kingdom",601800,501600,401500,401500,301400,401500,251300,401500,301400,201250,401500
Obuda University,"Budapest, Hungary",601800,501600,201250,601800,601800,,,,,,
Ocean University of China,"Qingdao, China",601800,501600,601,601800,601800,601800,601800,501600,,,
Ohio University (Main campus),"Athens, United States",601800,601,801,401500,401500,601800,601800,601800,301400,601800,
Oklahoma State University,"Stillwater, United States",601800,601,401500,501600,401500,401500,501600,601800,301400,401500,501600
Örebro University,"Orebro, Sweden",601800,401500,801,301400,301400,401500,1001,301400,601800,,
Otto von Guericke University of Magdeburg,"Magdeburg, Germany",601800,301400,401500,601800,601800,8011000,301400,601800,,,
Paderborn University,"33098, Germany",601800,401500,301400,201250,301400,301400,501600,,,,
Panjab University,"Chandigarh, India",601800,601800,301400,601800,601800,601800,601800,8011000,,,
Paris Lodron Universität Salzburg,"Salzburg, Austria",601800,301400,601800,401500,501600,601800,301400,301400,,,
Parthenope University of Naples,"Naples, Italy",601800,401500,501600,8011000,501600,,,,,,
Polytechnic University of Valencia,Spain,601800,401500,401500,501600,401500,501600,401500,401500,301400,,
Qassim University,"Qassim, Saudi Arabia",601800,401500,401500,301400,301400,251300,401500,501600,501600,,
Qazvin University of Medical Sciences,"Qazvin, Iran",601800,401500,,,,,,,,,
Qingdao University,"Qingdao, China",601800,401500,601800,501600,301400,501600,401500,501600,501600,,
Rochester Institute of Technology RIT,"Rochester, United States",601800,601,601800,501600,601800,401500,501600,601800,,,
Rovira i Virgili University,"Tarragona, Spain",601800,301400,601800,601800,601800,401500,501600,301,301400,401500,401500
Sciences Po,"Paris, France",601800,76,,,,,,,,,
Shahid Beheshti University of Medical Sciences,"Velenjak, Iran",601800,401500,,,,,,,,,
Sharda University,"Greater Noida, India",601800,8011000,601800,601800,,,,,,,
Shiraz University of Medical Sciences,"Shiraz, Iran",601800,501600,,,,,,,,,
South China Normal University,"Guangdong, China",601800,601,601800,8011000,151175,301400,401500,501600,251300,601800,
SRUC (Scotland’s Rural College),"Edinburgh, United Kingdom",601800,401500,401500,,,,,,,,
Sukkur IBA University,"Sukkur, Pakistan",601800,501600,601800,501600,601800,,,,,,
SUNY Binghamton University,"Binghamton, United States",601800,501600,501600,601800,251300,301400,251300,601800,301400,501600,
SUNY University at Albany,"Albany, United States",601800,401500,501600,301400,401500,251300,301400,601800,501600,301400,251300
Symbiosis International University,"Mulshi, India",601800,501600,601800,301400,601800,201,301400,,,,
Tabriz University of Medical Sciences,"Tabriz, Iran",601800,501600,,,,,,,,,
Taif University,"Al Huwaya, Saudi Arabia",601800,501600,401500,301400,401500,301400,,,,,
Tallinn University of Technology,Estonia,601800,401500,601800,501600,301400,8011000,201250,,,,
Tarbiat Modares University,"Tehran, Iran",601800,,,,,,,,,,
Tecnológico de Monterrey,"Monterrey, Mexico",601800,301400,501600,401500,151175,501600,501600,601800,301400,,
Teesside University,"Middlesbrough, United Kingdom",601800,301400,601800,601800,601800,401500,601800,,,,
Texas Tech University,"Lubbock, United States",601800,501600,501600,401500,301400,401500,601800,401500,301400,601800,
Thapar Institute of Engineering and Technology,"Patiala, India",601800,401500,501600,501600,,,,,,,
The Catholic University of Korea (CUK),"Bucheon-si, South Korea",601800,301400,601800,,,,,,,,
The University of Aizu,"Aizu-Wakamatsu City, Japan",601800,401500,,,,,,,,,
The University of Jordan,"Amman, Jordan",601800,501600,401500,501600,301400,301400,8011000,8011000,601800,401500,
The University of Texas at San Antonio,"San Antonio, United States",601800,501600,601800,251300,301400,301400,601800,601800,401500,501600,
Ton Duc Thang University,"Ho Chi Minh City, Vietnam",601800,601800,501600,401500,301400,401500,301400,501600,,,
Toronto Metropolitan University,"Toronto, Canada",601800,401500,301400,501600,301400,401500,201250,8011000,601800,301400,401500
TU Braunschweig,"Braunschweig, Germany",601800,501600,601800,301400,301400,301400,301400,601800,501600,,
"UEES, Espiritu Santo University","Samborondon, Ecuador",601800,601800,,,,,,,,,
UiT The Arctic University of Norway,"Tromso, Norway",601800,251300,501600,401500,601800,401500,8011000,251300,401500,601800,301400
Ulster University,"Coleraine, United Kingdom",601800,401500,601800,301400,601800,301400,601800,501600,301400,501600,
Universidade Estadual Paulista (Unesp),"Sao Paulo, Brazil",601800,301400,501600,501600,601800,251300,8011000,501600,8011000,501600,501600
Universidade Federal do Rio Grande do Sul,"Porto Alegre, Brazil",601800,401500,501600,301400,501600,301400,601800,301,601800,8011000,401500
Universitat Politècnica de Catalunya,"B, Spain",601800,401500,301400,401500,301400,401500,401500,401500,,,
Université Côte d'Azur,"Nice, France",601800,401500,251300,301400,401500,301400,601800,301400,401500,501600,601800
Universiti Malaysia Pahang Al-Sultan Abdullah (UMPSA),"Pekan, Malaysia",601800,251300,601800,601800,501600,,,,,,
Universiti Pendidikan Sultan Idris,"Tanjung Malim, Malaysia",601800,601800,126150,1001,601800,,,,,,
Universiti Teknologi Brunei,"Gadong, Brunei",601800,601800,,,,,,,,,
Universiti Tenaga Nasional (UNITEN),"Kajang, Malaysia",601800,601800,601800,401500,,,,,,,
University of Alaska Fairbanks,"Fairbanks, United States",601800,601800,401500,301400,601800,,,,,,
University of Arkansas,"Fayetteville, United States",601800,501600,401500,401500,401500,251300,401500,176200,401500,601800,301400
University of Aveiro,"Aveiro, Portugal",601800,501600,601800,501600,301400,501600,601800,,,,
University of Bari Aldo Moro,Italy,601800,601,601800,401500,501600,301400,301,401500,501600,401500,301400
University of Beira Interior,"Covilha, Portugal",601800,301400,601800,601800,601800,601800,8011000,601,401500,,
University of Brighton,"Brighton, United Kingdom",601800,501600,401500,401500,401500,601800,501600,401500,301400,401500,
University of Cagliari,"CA, Italy",601800,501600,601800,401500,401500,601,601800,301,601800,501600,501600
University of Calabria,"Arcavacata di Rende, Italy",601800,601,601800,401500,401500,501600,601800,501600,401500,,
University of Canterbury,"Christchurch, New Zealand",601800,301400,251300,601800,601800,301400,501600,251300,501600,601800,301400
University of Crete,"Rethymnon, Greece",601800,301400,301400,301400,601800,301400,8011000,401500,501600,,
University of Delhi,"Delhi, India",601800,401500,401500,601800,501600,301,401500,601800,401500,501600,
University of Derby,"Derby, United Kingdom",601800,301400,8011000,401500,501600,251300,301400,601800,,,
University of Granada,"Granada, Spain",601800,151175,301400,501600,251300,176200,601800,251300,401500,601800,251300
University of Greenwich,"Greenwich, United Kingdom",601800,301400,301400,501600,501600,501600,301400,301400,301400,201250,
University of Ha’il,"Hail, Saudi Arabia",601800,401500,501600,501600,401500,501600,501600,601800,,,
University of Hertfordshire,"Hatfield, United Kingdom",601800,401500,801,501600,601800,501600,601800,301400,301400,601800,
University of Insubria,"Varese, Italy",601800,601800,301400,8011000,501600,8011000,,,,,
University of Klagenfurt,"Klagenfurt am Worthersee, Austria",601800,401500,301400,201250,401500,501600,301400,401500,,,
University of Lahore,"Lahore, Pakistan",601800,601800,501600,8011000,601800,501600,601800,501600,,,
University of L’Aquila,"L'Aquila, Italy",601800,601,401500,601800,301400,601800,601800,501600,,,
University of Lille,"Lille, France",601800,251300,601800,301400,501600,501600,601800,501600,601800,401500,601800
University of Lincoln,"Lincoln, United Kingdom",601800,601,301400,501600,401500,201250,251300,501600,401500,401500,601800
"University of Maryland, Baltimore County (UMBC)","Baltimore, United States",601800,301400,301400,601800,601800,401500,501600,601800,,,
University of Minho,"Braga, Portugal",601800,301400,401500,401500,601800,151175,401500,201250,8011000,301400,401500
University of Mons,"Mons, Belgium",601800,301400,501600,401500,501600,,,,,,
University of Neuchâtel,Switzerland,601800,301400,301400,8011000,201250,301400,,,,,
"University of Nevada, Las Vegas","Las Vegas, United States",601800,601,401500,501600,8011000,301400,8011000,251300,601800,601800,301400
University of New Brunswick UNB,"Fredericton, Canada",601800,501600,601800,8011000,301400,251300,601800,501600,501600,501600,
University of North Carolina at Charlotte,"Charlotte, United States",601800,501600,501600,401500,401500,301400,401500,601800,8011000,401500,601800
University of Parma,"PR, Italy",601800,601,801,401500,601800,601800,401500,601800,601800,,
University of Passau,"Passau, Germany",601800,201250,401500,301400,,,,,,,
University of Rennes 1,"Rennes Cedex, France",601800,401500,801,401500,401500,601800,501600,601800,601,,
University of Santiago de Compostela,Spain,601800,301400,601800,401500,601800,401500,8011000,301,601800,601800,501600
University of Tabriz,"Tabriz, Iran",601800,601800,401500,301400,501600,401500,401500,,,,
University of Tabuk,"Tabuk, Saudi Arabia",601800,601800,601800,401500,501600,501600,,,,,
University of Texas at Arlington,"Arlington, United States",601800,601,501600,601800,301400,401500,251300,601800,401500,301400,601800
University of the Basque Country,"Leioa, Spain",601800,301400,601800,401500,501600,301400,601800,301,301400,501600,301400
University of the Western Cape,"Bellville, South Africa",601800,401500,801,401500,401500,251300,601800,501600,501600,501600,
University of the West of Scotland,"Paisley, United Kingdom",601800,401500,601800,401500,401500,401500,501600,601800,,,
University of Toledo,"Toledo, United States",601800,601800,601800,401500,401500,601800,501600,251300,601800,,
University of Tuscia,"Viterbo, Italy",601800,601800,401500,501600,301400,301400,,,,,
University of Udine,"Udine, Italy",601800,601,501600,401500,601800,601800,501600,8011000,,,
"University of Veterinary and Animal Sciences, Lahore","Lahore, Pakistan",601800,8011000,,,,,,,,,
University of Warsaw,Poland,601800,151175,601800,176200,401500,201250,501600,501600,301400,501600,
University of Wuppertal,"Wuppertal, Germany",601800,501600,501600,401500,501600,301400,501600,,,,
Urmia University of Medical Sciences,"Urmia, Iran",601800,501600,,,,,,,,,
UWE Bristol (University of the West of England),"Bristol, United Kingdom",601800,401500,501600,401500,601800,401500,501600,601800,601800,201250,401500
VIT University,"Vellore, India",601800,501600,401500,501600,501600,501600,,,,,
Worcester Polytechnic Institute,"Worcester, United States",601800,151175,301400,501600,501600,401500,,,,,
Xi’an Jiaotong-Liverpool University,"Suzhou, China",601800,501600,501600,501600,401500,501600,601800,501600,,,
Xidian University,China,601800,201250,251300,8011000,8011000,,,,,,
Yarmouk University,"Irbid, Jordan",601800,601,601800,601800,601800,401500,8011000,1001,8011000,,
Yıldız Technical University,"Yildiz, Türkiye",601800,601,501600,401500,501600,601800,501600,8011000,,,
Yuan Ze University,"Taoyuan City, Taiwan",601800,501600,601800,601800,601800,,,,,,
Zhejiang Normal University,"Zhejiang, China",601800,501600,301400,401500,501600,401500,501600,601800,,,
Abdullah Gül University,"Kocasinan, Türkiye",8011000,,,,,,,,,,
Abdul Wali Khan University Mardan,"Mardan, Pakistan",8011000,501600,501600,301400,,,,,,,
Ahvaz Jundishapur University of Medical Sciences (AJUMS),"06, Iran",8011000,601800,,,,,,,,,
Ain Shams University,"Abbassia, Egypt",8011000,601,601800,501600,601800,501600,601800,8011000,601800,,
Alagappa University,"Karaikudi, India",8011000,601800,501600,,,,,,,,
Al al-Bayt University,"Mafraq, Jordan",8011000,1001,,,,,,,,,
Al-Azhar University,"Nasr City, Egypt",8011000,501600,601800,501600,401500,601800,,,,,
Alexandria University,Egypt,8011000,801,501600,601800,601800,401500,8011000,601800,,,
Al-Zaytoonah University of Jordan,"Amman, Jordan",8011000,601800,8011000,601800,8011000,,,,,,
"Amity University Rajasthan, Jaipur","Jaipur, India",8011000,,,,,,,,,,
An-Najah National University,"Nablus, Palestinian Territories",8011000,601800,501600,10011250,8011000,8011000,,,,,
Anna University,"Guindy, India",8011000,251300,,,,,,,,,
Aristotle University of Thessaloniki,"Thessaloniki, Greece",8011000,401500,401500,401500,401500,601800,601800,601800,301400,401500,
Arts et Métiers,"Paris, France",8011000,601800,,,,,,,,,
Atatürk University,"Erzurum, Türkiye",8011000,601800,501600,601800,501600,601800,601800,,,,
Azerbaijan State University of Economics,"Baku, Azerbaijan",8011000,,,,,,,,,,
Bahçeşehir University,"Besiktas, Türkiye",8011000,601800,8011000,601800,401500,501600,601800,,,,
Baqiyatallah University of Medical Sciences,Iran,8011000,601800,601800,,,,,,,,
Baylor University,"Waco, United States",8011000,301400,401500,501600,8011000,301400,601800,8011000,251300,601800,
Birjand University of Medical Sciences,"Birjand, Iran",8011000,601800,,,,,,,,,
"Birla Institute of Technology and Science, Pilani","Pilani, India",8011000,301400,601800,601800,401500,601800,,,,,
Birmingham City University,"Birmingham, United Kingdom",8011000,501600,601800,501600,601800,501600,601800,601,601800,,
Bucharest University of Economic Studies,"Bucharest, Romania",8011000,801,601800,,,,,,,,
Cairo University,"Giza, Egypt",8011000,601,501600,301400,251300,301400,501600,301400,501600,601800,
Cankaya University,"06, Türkiye",8011000,601800,,,,,,,,,
Capital University of Science and Technology,"Zone-V, Pakistan",8011000,501600,601800,301400,,,,,,,
Universidad Carlos III de Madrid,Spain,8011000,301400,151175,401500,601800,101125,8011000,401500,,,
Catholic University of Portugal,"Lisbon, Portugal",8011000,601,501600,601800,301400,301,501600,,,,
Chengdu University,"Chengdu City, China",8011000,8011000,501600,601800,401500,,,,,,
Chonnam National University,"29, South Korea",8011000,401500,401500,8011000,601,601800,501600,601800,8011000,,
Clark University,"Worcester, United States",8011000,601800,301400,251300,,,,,,,
Daffodil International University (DIU),"Savar, Bangladesh",8011000,301400,601800,601800,401500,,,,,,
Delhi Technological University,"Shahbad Daulatpur, India",8011000,601800,601800,8011000,601800,,,,,,
École Centrale de Lyon,"Lyon, France",8011000,401500,,,,,,,,,
Eötvös Loránd University,Hungary,8011000,301400,601800,8011000,601,301,501600,601800,301400,601800,
European University Cyprus,"Nicosia, Cyprus",8011000,501600,,,,,,,,,
Federal University of Minas Gerais,"Belo Horizonte, Brazil",8011000,301400,601800,601800,601800,301400,10011250,251300,501600,1001,501600
Ferdowsi University of Mashhad,"Mashhad, Iran",8011000,501600,401500,601800,301400,601800,601800,8011000,501600,501600,
Florida Atlantic University,"Boca Raton, United States",8011000,601,301400,601800,251300,401500,601800,601800,401500,301400,601800
Future University in Egypt,"Cairo, Egypt",8011000,601800,501600,,,,,,,,
Fuzhou University,"Fuzhou, China",8011000,601800,601800,301400,301400,301400,601800,,,,
Gabriele d‘Annunzio University,"Chieti, Italy",8011000,601,601800,401500,8011000,601800,8011000,301400,,,
Gazipur Agricultural University,"Gazipur, Bangladesh",8011000,501600,,,,,,,,,
German Jordanian University,"Amman, Jordan",8011000,8011000,,,,,,,,,
Ghulam Ishaq Khan Institute of Engineering Sciences and Technology,"Topi, Pakistan",8011000,8011000,,,,,,,,,
Glasgow Caledonian University,"Glasgow, United Kingdom",8011000,601800,401500,10011250,401500,401500,,,,,
Gorgan University of Agricultural Sciences and Natural Resources,"Gorgan, Iran",8011000,601800,401500,601800,,,,,,,
Government College University Lahore,"Lahore, Pakistan",8011000,801,601800,8011000,,,,,,,
Guangzhou Medical University,"Panyu District, China",8011000,501600,401500,401500,,,,,,,
Guilan University of Medical Sciences,"Rasht, Iran",8011000,601800,,,,,,,,,
Guru Gobind Singh Indraprastha University,"Delhi, India",8011000,,,,,,,,,,
Hacettepe University,"Beytepe, Türkiye",8011000,601,801,401500,601800,251300,8011000,601800,1001,601800,
Halmstad University,"301 18 Halmstad, Sweden",8011000,601800,,,,,,,,,
Hanoi Medical University,"Dong Da, Vietnam",8011000,501600,,,,,,,,,
Ilam University of Medical Sciences,"Ilam, Iran",8011000,601800,,,,,,,,,
IMT Nord Europe,"Villeneuve d'Ascq, France",8011000,601800,8011000,,,,,,,,
Inha University,South Korea,8011000,501600,601800,601800,501600,501600,601800,,,,
"International Islamic University, Islamabad","Islamabad, Pakistan",8011000,601800,501600,601800,501600,8011000,,,,,
International University of Rabat,"Rabat, Morocco",8011000,,,,,,,,,,
Iqra University,"Karachi, Pakistan",8011000,,,,,,,,,,
Isra University (Jordan),"Amman, Jordan",8011000,,,,,,,,,,
Istanbul Medipol University,"Beykoz, Türkiye",8011000,501600,1001,8011000,,,,,,,
Jahangirnagar University,"Dhaka, Bangladesh",8011000,401500,601800,601800,,,,,,,
Jamia Hamdard University,"New Delhi, India",8011000,501600,401500,,,,,,,,
Jawaharlal Nehru University,"New Delhi, India",8011000,401500,601800,501600,601800,601800,,,,,
Jeonbuk National University,"Jeonju-si, South Korea",8011000,601800,601800,601800,401500,601800,601800,8011000,,,
Jönköping University,"Jonkoping, Sweden",8011000,301400,501600,601,10011250,251300,501600,,,,
Jordan University of Science and Technology,"Ar-Ramtha, Jordan",8011000,501600,601800,601800,601800,8011000,,,,,
JSS Academy of Higher Education and Research,India,8011000,601800,8011000,,,,,,,,
Kaohsiung Medical University,"Kaohsiung City, Taiwan",8011000,601800,601800,,,,,,,,
Kerman University of Medical Sciences,"Kerman, Iran",8011000,501600,601,,,,,,,,
Khwaja Fareed University of Engineering and Information Technology,"Punjab, Pakistan",8011000,601800,601800,601800,,,,,,,
King Mongkut’s University of Technology Thonburi,"Thung Khru, Thailand",8011000,601800,601,601800,601800,601800,,,,,
King Saud bin Abdulaziz University for Health Sciences,"Riyadh, Saudi Arabia",8011000,501600,,,,,,,,,
Kingston University,"Kingston Upon Thames, United Kingdom",8011000,501600,501600,601800,401500,8011000,601800,301400,601800,,
KL University,"Guntur District, India",8011000,601800,601800,601800,,,,,,,
K.N. Toosi University of Technology,"Tehran, Iran",8011000,601800,601800,8011000,,,,,,,
Kurdistan University of Medical Sciences,"Sanandaj, Iran",8011000,501600,,,,,,,,,
Lahore University of Management Sciences,"Lahore, Pakistan",8011000,401500,601800,8011000,,,,,,,
Leeds Beckett University,"Leeds, United Kingdom",8011000,501600,401500,501600,301400,501600,401500,401500,,,
Mahsa University,"Jenjarom, Malaysia",8011000,,,,,,,,,,
Makerere University,"Kampala, Uganda",8011000,801,601800,601,8011000,1001,601,8011000,,,
Mansoura University,"Mansoura, Egypt",,,,,,,,,,,
Marie and Louis Pasteur University,"Besancon, France",8011000,,,,,,,,,,
Mashhad University of Medical Sciences,"Mashhad, Iran",8011000,601800,,,,,,,,,
Mazandaran University of Medical Sciences,"Sari, Iran",8011000,601800,601800,,,,,,,,
Medical University of Lodz,"Lodz, Poland",8011000,601800,,,,,,,,,
Montanuniversität Leoben,"Leoben, Austria",8011000,501600,8011000,,,,,,,,
Najran University,"Najran, Saudi Arabia",8011000,601800,8011000,501600,601800,,,,,,
Nanjing Medical University,"Nanjing, China",8011000,401500,501600,,,,,,,,
Nanjing Normal University,"Nanjing, China",8011000,501600,501600,8011000,251300,301400,401500,501600,401500,601800,
Nanjing University of Information Science and Technology,"Jiangsu, China",8011000,601800,401500,501600,401500,401500,501600,,,,
National Autonomous University of Mexico,Mexico,8011000,176200,801,601800,8011000,301400,8011000,201250,501600,601800,501600
National Institute of Applied Sciences of Lyon (INSA Lyon),"Villeurbanne, France",8011000,401500,,,,,,,,,
National Institute of Technology Silchar,"Silchar, India",8011000,601800,601800,,,,,,,,
"National Institute of Technology, Tiruchirappalli","Tiruchirappalli, India",8011000,601,8011000,601800,,,,,,,
National Technical University of Athens,"15780 Zografou, Greece",8011000,401500,,,,,,,,,
National Veterinary School of Alfort (EnvA),France,8011000,601800,,,,,,,,,
Northeast Agricultural University,"Harbin, China",8011000,8011000,601800,401500,8011000,,,,,,
Northeast Normal University,"Changchun, China",8011000,8011000,401500,301400,501600,601800,501600,601800,,,
Northern Border University,"Arar, Saudi Arabia",8011000,501600,,,,,,,,,
Northern Illinois University,"DeKalb, United States",8011000,601,601800,8011000,401500,601800,401500,301400,601800,,
North South University,"Dhaka, Bangladesh",8011000,501600,401500,601800,601800,501600,,,,,
North-West University,"Potchefstroom, South Africa",8011000,501600,601800,501600,8011000,401500,501600,301,601800,601800,301400
Norwegian University of Life Sciences,Norway,8011000,501600,8011000,401500,301400,301400,,,,,
Old Dominion University,"Norfolk, United States",8011000,601,601800,8011000,401500,401500,8011000,601800,401500,501600,
Ontario Tech University,"Oshawa, Canada",8011000,501600,8011000,601800,501600,401500,301,501600,501600,401500,
Open University of Catalonia,"Barcelona, Spain",8011000,501600,601800,601800,601800,301,501600,301400,,,
Oxford Brookes University,"Oxford, United Kingdom",8011000,301400,301400,601800,301400,601800,601800,401500,501600,,
Ozyegin University,"Çekmeköy, Türkiye",8011000,501600,601800,601800,,,,,,,
Pablo de Olavide University,"Andalusia, Spain",8011000,501600,801,501600,301,501600,251300,601800,,,
Panthéon-Sorbonne University – Paris 1,"Paris, France",8011000,47,201250,61,1001,251300,,,,,
Pontifical Catholic University of Rio de Janeiro (PUC-Rio),"RJ, Brazil",8011000,501600,301400,301400,501600,601800,501600,501600,601800,,
Portland State University,"Portland, United States",8011000,601,501600,8011000,251300,8011000,8011000,301400,601800,,
Rafsanjan University of Medical Sciences,Iran,8011000,,,,,,,,,,
Reichman University,"Herzliya, Israel",8011000,401500,601800,,,,,,,,
Reykjavík University,"Reykjavík, Iceland",8011000,8011000,8011000,,,,,,,,
Robert Gordon University,"Aberdeen, United Kingdom",8011000,501600,601800,,,,,,,,
Savitribai Phule Pune University,"Pune, India",8011000,601800,501600,8011000,601800,601800,,,,,
Shahid Beheshti University,"Tehran, Iran",8011000,501600,501600,601800,501600,601800,8011000,8011000,501600,601800,
Shahrekord University of Medical Sciences,"Chaharmahal and Bakhtiari, Iran",8011000,601800,,,,,,,,,
Shahroud University of Medical Sciences,"Shahrud, Iran",8011000,,,,,,,,,,
Sheffield Hallam University,"Sheffield, United Kingdom",8011000,501600,601800,501600,401500,8011000,8011000,501600,601800,,
Shiraz University,"Shiraz, Iran",8011000,401500,501600,501600,601800,601800,601800,501600,,,
Shri Mata Vaishno Devi University,"Katra, India",8011000,601800,601800,,,,,,,,
Siksha ‘O’ Anusandhan,"Bhubaneswar, India",8011000,8011000,601800,501600,,,,,,,
Sogang University,"Mapo-gu, South Korea",8011000,601800,601800,601800,601800,601800,,,,,
Southern Illinois University Carbondale,"Carbondale, United States",8011000,501600,601800,501600,501600,8011000,176200,8011000,601800,401500,601800
Southwest Jiaotong University,"Chengdu, China",8011000,601,401500,601,501600,401500,601800,8011000,601800,,
SR University,"Warangal Urban, India",8011000,,,,,,,,,,
The Catholic University of America,"Washington, United States",8011000,301400,501600,501600,601800,,,,,,
The Islamia University of Bahawalpur,"Punjab, Pakistan",8011000,601800,501600,601800,401500,401500,601800,501600,,,
The Open University,"Milton Keynes, United Kingdom",8011000,301400,601800,8011000,601800,101125,8011000,301,601800,501600,401500
The University of Alabama,"Tuscaloosa, United States",8011000,601,601800,601800,601800,301400,401500,251300,601800,501600,401500
The University of Notre Dame Australia,Australia,8011000,601800,601,601800,,,,,,,
Universidade Federal de São Paulo (UNIFESP),"Sao Paulo, Brazil",8011000,601,301400,8011000,401500,10011250,601800,1001,401500,8011000,
Universitat Ramon Llull,"Barcelona, Spain",8011000,126150,8011000,501600,8011000,501600,501600,,,,
Université de Bretagne Occidentale,"Brest, France",8011000,601,501600,601800,501600,601800,601800,601800,601,8011000,
University of Alcalá,"Alcala de Henares, Spain",8011000,401500,801,601800,601800,501600,8011000,601800,601800,601800,
University of Cape Coast,"Cape Coast, Ghana",8011000,401500,601800,401500,8011000,1001,501600,,,,
University of Central Punjab,"Lahore, Pakistan",8011000,601800,601800,,,,,,,,
University of Córdoba,"Cordoba, Spain",8011000,501600,601800,601800,301400,501600,601800,601800,601800,401500,601800
University of Debrecen,"Debrecen, Hungary",8011000,601,801,501600,8011000,601,10011250,601800,501600,501600,
University of Dhaka,"Dhaka, Bangladesh",8011000,601800,601800,601800,401500,601800,8011000,601800,601800,,
"University of Engineering and Technology, Taxila","Taxila, Pakistan",8011000,301400,601800,401500,,,,,,,
University of Foggia,"FG, Italy",8011000,601800,501600,601800,,,,,,,
University of Gujrat,"Gujrat, Pakistan",8011000,501600,501600,501600,,,,,,,
University of Hagen,"Hagen, Germany",8011000,,,,,,,,,,
University of Ibadan,"Oyo, Nigeria",8011000,601,401500,601,1251,301,8011000,1001,601800,,
University of Indonesia,"Depok, Indonesia",8011000,401500,301400,501600,601800,8011000,251300,601800,1001,401500,401500
University of Jaén,"Jaen, Spain",8011000,401500,601800,601800,301400,501600,501600,601800,501600,501600,
University of Lagos,"Lagos, Nigeria",8011000,801,401500,10011250,1001,1001,601800,,,,
University of Ljubljana,"Ljubljana, Slovenia",8011000,401500,501600,501600,601800,501600,8011000,201250,501600,601800,501600
University of Lleida,"Lleida, Spain",8011000,401500,601800,251300,601800,501600,501600,501600,,,
University of Malakand,"Dir Lower, Pakistan",8011000,401500,401500,,,,,,,,
University of Malta,"Msida, Malta",8011000,501600,301400,601800,8011000,401500,8011000,601800,601800,401500,501600
University of Management and Technology,"Johar Town, Pakistan",8011000,601800,401500,601800,501600,501600,601800,,,,
University of Medicine and Pharmacy Carol Davila,"Bucharest, Romania",8011000,601800,,,,,,,,,
University of Namur,"Namur, Belgium",8011000,601800,401500,,,,,,,,
University of Nova Gorica,"Nova Gorica, Slovenia",8011000,601800,,,,,,,,,
University of Patras,"Rio, Greece",8011000,601,601800,601800,601800,301400,601800,601800,8011000,,
University of Petra,"Amman, Jordan",8011000,,,,,,,,,,
University of Regina,"Regina, Canada",8011000,601800,501600,401500,601,401500,601800,201250,601800,,
University of Rhode Island,"Kingston, United States",8011000,601,601800,601800,501600,401500,601800,501600,501600,401500,601800
University of Roehampton,"London, United Kingdom",8011000,301400,601800,501600,401500,601800,,,,,
University of Rome III,"RM, Italy",8011000,401500,501600,601800,601,601800,251300,601800,401500,501600,
Universidad de Salamanca,"Salamanca, Spain",8011000,201250,401500,601800,601800,301400,8011000,251300,601800,8011000,401500
University of Salento,"Lecce (LE), Italy",8011000,601,501600,601800,601800,601800,601800,401500,601800,,
University of Salford,"Salford, United Kingdom",8011000,501600,501600,601800,301400,401500,401500,501600,601800,,
University of Seville,"Sevilla, Spain",8011000,301400,501600,401500,501600,251300,601800,301,501600,8011000,401500
University of the Balearic Islands,"Palma, Spain",8011000,501600,801,501600,1001,601,8011000,501600,601800,501600,601800
University of the Punjab,"Lahore, Pakistan",8011000,601800,501600,401500,501600,601800,601800,401500,501600,,
University of Tunis El Manar,"Rommana, Tunisia",8011000,301400,601800,601800,501600,601800,8011000,,,,
University of Vic – Central University of Catalonia,"Vic, Spain",8011000,601800,501600,401500,601800,,,,,,
University of Vigo,"Pontevedra, Spain",8011000,501600,601800,8011000,601,601800,301,301400,601800,501600,
University of Westminster,"London, United Kingdom",8011000,401500,601800,251300,401500,301400,,,,,
University of Wolverhampton,"Wolverhampton, United Kingdom",8011000,401500,601800,8011000,501600,401500,501600,501600,,,
University of Wyoming,"Laramie, United States",8011000,501600,601800,601800,501600,601800,601800,401500,501600,601800,
Urmia University,"Urmia, Iran",8011000,501600,501600,8011000,,,,,,,
Vilnius University,"LT-01513 Vilnius, Lithuania",8011000,501600,601800,401500,1001,601,301,601800,1001,501600,8011000
Wakayama Medical University,"Wakayama, Japan",8011000,601800,,,,,,,,,
Waseda University,"Shinjuku-ku, Japan",8011000,301400,401500,601800,251300,301400,251300,601800,601800,501600,301400
Wenzhou University,"Zhejiang, China",8011000,401500,501600,401500,401500,401500,401500,401500,601800,,
William & Mary,"Williamsburg, United States",8011000,501600,601800,301400,401500,251300,601800,501600,401500,501600,
Zahedan University of Medical Sciences,"Sistan and baluchestan, Iran",8011000,601800,,,,,,,,,
Zanjan University of Medical Sciences,"Zanjan, Iran",8011000,601800,601800,,,,,,,,
Zhejiang Gongshang University,"Zhejiang, China",8011000,601800,601800,601800,501600,601800,,,,,
"Adam Mickiewicz University, Poznań","Poznan, Poland",10011200,301400,8011000,301400,301,601800,1001,601,501600,,
AGH University of Krakow,"Krakow, Poland",10011200,601800,601800,601800,8011000,801,,,,,
Al-Balqa Applied University,"As Salt, Jordan",10011200,801,8011000,401500,601,8011000,501600,601800,,,
Anadolu University,"Eskisehir, Türkiye",10011200,801,601800,401500,801,801,601800,,,,
Anhui University,"Hefei, China",10011200,,,,,,,,,,
"Arab Academy for Science, Technology and Maritime Transport","Alexandria, Egypt",10011200,8011000,10011250,8011000,8011000,,,,,,
Ardabil University of Medical Sciences,"Ardabil, Iran",10011200,,,,,,,,,,
Aswan University,"Sahara City, Egypt",10011200,1001,301400,401500,601800,601800,,,,,
Ateneo de Manila University,"Quezon City, Philippines",10011200,401500,1001,501600,8011000,,,,,,
Athens University of Economics and Business,"Athens, Greece",10011200,601800,501600,,,,,,,,
Bahria University,"Islamabad, Pakistan",10011200,601800,601800,601800,601800,,,,,,
Bangladesh Agricultural University (BAU),"Mymensingh Division, Bangladesh",10011200,601800,,,,,,,,,
Bangladesh University of Engineering and Technology,"Dhaka, Bangladesh",10011200,601800,601800,601800,,,,,,,
